time,temperature_2m,relativehumidity_2m,precipitation,fetch_time,day,month,hour
2025-03-10 00:00:00,17.3,76,0.0,2025-04-09 10:48:12,10,3,0
2025-03-10 01:00:00,16.8,79,0.0,2025-04-09 10:48:12,10,3,1
2025-03-10 02:00:00,17.0,80,0.0,2025-04-09 10:48:12,10,3,2
2025-03-10 03:00:00,19.0,75,0.0,2025-04-09 10:48:12,10,3,3
2025-03-10 04:00:00,21.5,67,0.0,2025-04-09 10:48:12,10,3,4
2025-03-10 05:00:00,24.2,59,0.0,2025-04-09 10:48:12,10,3,5
2025-03-10 06:00:00,26.8,51,0.0,2025-04-09 10:48:12,10,3,6
2025-03-10 07:00:00,28.7,43,0.0,2025-04-09 10:48:12,10,3,7
2025-03-10 08:00:00,30.0,37,0.0,2025-04-09 10:48:12,10,3,8
2025-03-10 09:00:00,30.6,35,0.0,2025-04-09 10:48:12,10,3,9
2025-03-10 10:00:00,30.5,35,0.0,2025-04-09 10:48:12,10,3,10
2025-03-10 11:00:00,30.1,35,0.0,2025-04-09 10:48:12,10,3,11
2025-03-10 12:00:00,29.3,41,0.0,2025-04-09 10:48:12,10,3,12
2025-03-10 13:00:00,27.4,51,0.0,2025-04-09 10:48:12,10,3,13
2025-03-10 14:00:00,25.6,57,0.0,2025-04-09 10:48:12,10,3,14
2025-03-10 15:00:00,24.3,61,0.0,2025-04-09 10:48:12,10,3,15
2025-03-10 16:00:00,23.3,64,0.0,2025-04-09 10:48:12,10,3,16
2025-03-10 17:00:00,22.5,66,0.0,2025-04-09 10:48:12,10,3,17
2025-03-10 18:00:00,21.8,74,0.0,2025-04-09 10:48:12,10,3,18
2025-03-10 19:00:00,21.2,74,0.0,2025-04-09 10:48:12,10,3,19
2025-03-10 20:00:00,20.8,75,0.0,2025-04-09 10:48:12,10,3,20
2025-03-10 21:00:00,20.3,77,0.0,2025-04-09 10:48:12,10,3,21
2025-03-10 22:00:00,19.7,79,0.0,2025-04-09 10:48:12,10,3,22
2025-03-10 23:00:00,19.5,79,0.0,2025-04-09 10:48:12,10,3,23
2025-03-11 00:00:00,18.5,84,0.0,2025-04-09 10:48:12,11,3,0
2025-03-11 01:00:00,18.2,84,0.0,2025-04-09 10:48:12,11,3,1
2025-03-11 02:00:00,18.4,84,0.0,2025-04-09 10:48:12,11,3,2
2025-03-11 03:00:00,20.0,79,0.0,2025-04-09 10:48:12,11,3,3
2025-03-11 04:00:00,22.5,71,0.0,2025-04-09 10:48:12,11,3,4
2025-03-11 05:00:00,25.5,59,0.0,2025-04-09 10:48:12,11,3,5
2025-03-11 06:00:00,29.3,46,0.0,2025-04-09 10:48:12,11,3,6
2025-03-11 07:00:00,30.9,39,0.0,2025-04-09 10:48:12,11,3,7
2025-03-11 08:00:00,31.5,36,0.0,2025-04-09 10:48:12,11,3,8
2025-03-11 09:00:00,31.4,36,0.0,2025-04-09 10:48:12,11,3,9
2025-03-11 10:00:00,32.0,36,0.0,2025-04-09 10:48:12,11,3,10
2025-03-11 11:00:00,31.7,36,0.0,2025-04-09 10:48:12,11,3,11
2025-03-11 12:00:00,31.0,42,0.0,2025-04-09 10:48:12,11,3,12
2025-03-11 13:00:00,29.1,51,0.0,2025-04-09 10:48:12,11,3,13
2025-03-11 14:00:00,27.9,56,0.0,2025-04-09 10:48:12,11,3,14
2025-03-11 15:00:00,26.1,63,0.0,2025-04-09 10:48:12,11,3,15
2025-03-11 16:00:00,24.6,69,0.0,2025-04-09 10:48:12,11,3,16
2025-03-11 17:00:00,23.5,68,0.0,2025-04-09 10:48:12,11,3,17
2025-03-11 18:00:00,21.7,79,0.0,2025-04-09 10:48:12,11,3,18
2025-03-11 19:00:00,21.0,79,0.0,2025-04-09 10:48:12,11,3,19
2025-03-11 20:00:00,20.3,80,0.0,2025-04-09 10:48:12,11,3,20
2025-03-11 21:00:00,19.6,82,0.0,2025-04-09 10:48:12,11,3,21
2025-03-11 22:00:00,19.0,83,0.0,2025-04-09 10:48:12,11,3,22
2025-03-11 23:00:00,18.4,83,0.0,2025-04-09 10:48:12,11,3,23
2025-03-12 00:00:00,18.1,89,0.0,2025-04-09 10:48:12,12,3,0
2025-03-12 01:00:00,17.7,89,0.0,2025-04-09 10:48:12,12,3,1
2025-03-12 02:00:00,17.9,87,0.0,2025-04-09 10:48:12,12,3,2
2025-03-12 03:00:00,20.1,77,0.0,2025-04-09 10:48:12,12,3,3
2025-03-12 04:00:00,23.0,64,0.0,2025-04-09 10:48:12,12,3,4
2025-03-12 05:00:00,25.8,56,0.0,2025-04-09 10:48:12,12,3,5
2025-03-12 06:00:00,28.9,45,0.0,2025-04-09 10:48:12,12,3,6
2025-03-12 07:00:00,30.5,37,0.0,2025-04-09 10:48:12,12,3,7
2025-03-12 08:00:00,31.2,34,0.0,2025-04-09 10:48:12,12,3,8
2025-03-12 09:00:00,31.6,34,0.0,2025-04-09 10:48:12,12,3,9
2025-03-12 10:00:00,31.5,32,0.0,2025-04-09 10:48:12,12,3,10
2025-03-12 11:00:00,30.8,34,0.0,2025-04-09 10:48:12,12,3,11
2025-03-12 12:00:00,29.8,42,0.0,2025-04-09 10:48:12,12,3,12
2025-03-12 13:00:00,27.2,54,0.0,2025-04-09 10:48:12,12,3,13
2025-03-12 14:00:00,25.7,59,0.0,2025-04-09 10:48:12,12,3,14
2025-03-12 15:00:00,24.3,64,0.0,2025-04-09 10:48:12,12,3,15
2025-03-12 16:00:00,23.3,67,0.0,2025-04-09 10:48:12,12,3,16
2025-03-12 17:00:00,22.7,70,0.0,2025-04-09 10:48:12,12,3,17
2025-03-12 18:00:00,22.2,74,0.0,2025-04-09 10:48:12,12,3,18
2025-03-12 19:00:00,21.6,75,0.0,2025-04-09 10:48:12,12,3,19
2025-03-12 20:00:00,21.0,77,0.0,2025-04-09 10:48:12,12,3,20
2025-03-12 21:00:00,20.4,79,0.0,2025-04-09 10:48:12,12,3,21
2025-03-12 22:00:00,19.9,80,0.0,2025-04-09 10:48:12,12,3,22
2025-03-12 23:00:00,19.6,81,0.0,2025-04-09 10:48:12,12,3,23
2025-03-13 00:00:00,19.9,83,0.0,2025-04-09 10:48:12,13,3,0
2025-03-13 01:00:00,19.5,84,0.0,2025-04-09 10:48:12,13,3,1
2025-03-13 02:00:00,19.5,85,0.0,2025-04-09 10:48:12,13,3,2
2025-03-13 03:00:00,21.4,78,0.0,2025-04-09 10:48:12,13,3,3
2025-03-13 04:00:00,23.9,67,0.0,2025-04-09 10:48:12,13,3,4
2025-03-13 05:00:00,26.4,58,0.0,2025-04-09 10:48:12,13,3,5
2025-03-13 06:00:00,28.6,52,0.0,2025-04-09 10:48:12,13,3,6
2025-03-13 07:00:00,29.9,46,0.0,2025-04-09 10:48:12,13,3,7
2025-03-13 08:00:00,30.8,42,0.0,2025-04-09 10:48:12,13,3,8
2025-03-13 09:00:00,31.2,39,0.0,2025-04-09 10:48:12,13,3,9
2025-03-13 10:00:00,30.9,38,0.0,2025-04-09 10:48:12,13,3,10
2025-03-13 11:00:00,23.5,75,1.2,2025-04-09 10:48:12,13,3,11
2025-03-13 12:00:00,30.7,40,0.0,2025-04-09 10:48:12,13,3,12
2025-03-13 13:00:00,28.5,49,0.0,2025-04-09 10:48:12,13,3,13
2025-03-13 14:00:00,27.1,56,0.0,2025-04-09 10:48:12,13,3,14
2025-03-13 15:00:00,23.5,73,0.9,2025-04-09 10:48:12,13,3,15
2025-03-13 16:00:00,23.5,73,0.0,2025-04-09 10:48:12,13,3,16
2025-03-13 17:00:00,23.5,72,0.0,2025-04-09 10:48:12,13,3,17
2025-03-13 18:00:00,24.1,68,0.0,2025-04-09 10:48:12,13,3,18
2025-03-13 19:00:00,23.3,70,0.0,2025-04-09 10:48:12,13,3,19
2025-03-13 20:00:00,22.6,68,0.0,2025-04-09 10:48:12,13,3,20
2025-03-13 21:00:00,22.1,63,0.0,2025-04-09 10:48:12,13,3,21
2025-03-13 22:00:00,21.7,63,0.0,2025-04-09 10:48:12,13,3,22
2025-03-13 23:00:00,21.1,65,0.0,2025-04-09 10:48:12,13,3,23
2025-03-14 00:00:00,20.4,75,0.0,2025-04-09 10:48:12,14,3,0
2025-03-14 01:00:00,20.2,74,0.0,2025-04-09 10:48:12,14,3,1
2025-03-14 02:00:00,20.2,74,0.0,2025-04-09 10:48:12,14,3,2
2025-03-14 03:00:00,21.8,68,0.0,2025-04-09 10:48:12,14,3,3
2025-03-14 04:00:00,24.8,58,0.0,2025-04-09 10:48:12,14,3,4
2025-03-14 05:00:00,27.8,48,0.0,2025-04-09 10:48:12,14,3,5
2025-03-14 06:00:00,31.0,39,0.0,2025-04-09 10:48:12,14,3,6
2025-03-14 07:00:00,32.5,35,0.0,2025-04-09 10:48:12,14,3,7
2025-03-14 08:00:00,33.6,24,0.0,2025-04-09 10:48:12,14,3,8
2025-03-14 09:00:00,33.4,22,0.0,2025-04-09 10:48:12,14,3,9
2025-03-14 10:00:00,33.2,23,0.0,2025-04-09 10:48:12,14,3,10
2025-03-14 11:00:00,32.1,24,0.0,2025-04-09 10:48:12,14,3,11
2025-03-14 12:00:00,30.9,36,0.0,2025-04-09 10:48:12,14,3,12
2025-03-14 13:00:00,29.1,43,0.0,2025-04-09 10:48:12,14,3,13
2025-03-14 14:00:00,26.7,53,0.1,2025-04-09 10:48:12,14,3,14
2025-03-14 15:00:00,25.3,59,0.1,2025-04-09 10:48:12,14,3,15
2025-03-14 16:00:00,25.1,58,0.0,2025-04-09 10:48:12,14,3,16
2025-03-14 17:00:00,23.2,65,0.1,2025-04-09 10:48:12,14,3,17
2025-03-14 18:00:00,22.7,66,0.1,2025-04-09 10:48:12,14,3,18
2025-03-14 19:00:00,21.8,69,0.0,2025-04-09 10:48:12,14,3,19
2025-03-14 20:00:00,21.2,70,0.2,2025-04-09 10:48:12,14,3,20
2025-03-14 21:00:00,20.5,72,0.0,2025-04-09 10:48:12,14,3,21
2025-03-14 22:00:00,19.4,79,1.1,2025-04-09 10:48:12,14,3,22
2025-03-14 23:00:00,19.3,77,0.5,2025-04-09 10:48:12,14,3,23
2025-03-15 00:00:00,19.2,67,0.9,2025-04-09 10:48:12,15,3,0
2025-03-15 01:00:00,18.9,67,0.0,2025-04-09 10:48:12,15,3,1
2025-03-15 02:00:00,19.2,64,0.0,2025-04-09 10:48:12,15,3,2
2025-03-15 03:00:00,20.5,61,0.0,2025-04-09 10:48:12,15,3,3
2025-03-15 04:00:00,22.7,56,0.0,2025-04-09 10:48:12,15,3,4
2025-03-15 05:00:00,24.9,49,0.0,2025-04-09 10:48:12,15,3,5
2025-03-15 06:00:00,27.6,44,0.0,2025-04-09 10:48:12,15,3,6
2025-03-15 07:00:00,29.3,39,0.0,2025-04-09 10:48:12,15,3,7
2025-03-15 08:00:00,30.8,35,0.0,2025-04-09 10:48:12,15,3,8
2025-03-15 09:00:00,31.4,32,0.0,2025-04-09 10:48:12,15,3,9
2025-03-15 10:00:00,31.5,32,0.0,2025-04-09 10:48:12,15,3,10
2025-03-15 11:00:00,31.6,30,0.0,2025-04-09 10:48:12,15,3,11
2025-03-15 12:00:00,30.0,40,0.0,2025-04-09 10:48:12,15,3,12
2025-03-15 13:00:00,28.5,49,0.0,2025-04-09 10:48:12,15,3,13
2025-03-15 14:00:00,25.8,60,0.0,2025-04-09 10:48:12,15,3,14
2025-03-15 15:00:00,23.8,69,0.0,2025-04-09 10:48:12,15,3,15
2025-03-15 16:00:00,23.0,74,0.0,2025-04-09 10:48:12,15,3,16
2025-03-15 17:00:00,22.1,75,0.0,2025-04-09 10:48:12,15,3,17
2025-03-15 18:00:00,21.4,76,0.0,2025-04-09 10:48:12,15,3,18
2025-03-15 19:00:00,20.7,75,0.0,2025-04-09 10:48:12,15,3,19
2025-03-15 20:00:00,20.1,74,0.0,2025-04-09 10:48:12,15,3,20
2025-03-15 21:00:00,19.5,74,0.0,2025-04-09 10:48:12,15,3,21
2025-03-15 22:00:00,19.1,76,0.0,2025-04-09 10:48:12,15,3,22
2025-03-15 23:00:00,18.7,79,0.1,2025-04-09 10:48:12,15,3,23
2025-03-16 00:00:00,18.4,79,0.0,2025-04-09 10:48:12,16,3,0
2025-03-16 01:00:00,18.2,80,0.0,2025-04-09 10:48:12,16,3,1
2025-03-16 02:00:00,18.3,78,0.0,2025-04-09 10:48:12,16,3,2
2025-03-16 03:00:00,19.4,72,0.0,2025-04-09 10:48:12,16,3,3
2025-03-16 04:00:00,21.3,66,0.0,2025-04-09 10:48:12,16,3,4
2025-03-16 05:00:00,23.4,59,0.0,2025-04-09 10:48:12,16,3,5
2025-03-16 06:00:00,27.3,46,0.0,2025-04-09 10:48:12,16,3,6
2025-03-16 07:00:00,28.5,44,0.0,2025-04-09 10:48:12,16,3,7
2025-03-16 08:00:00,29.7,39,0.0,2025-04-09 10:48:12,16,3,8
2025-03-16 09:00:00,30.3,32,0.0,2025-04-09 10:48:12,16,3,9
2025-03-16 10:00:00,30.4,27,0.0,2025-04-09 10:48:12,16,3,10
2025-03-16 11:00:00,30.1,23,0.0,2025-04-09 10:48:12,16,3,11
2025-03-16 12:00:00,27.8,32,0.0,2025-04-09 10:48:12,16,3,12
2025-03-16 13:00:00,25.5,45,0.0,2025-04-09 10:48:12,16,3,13
2025-03-16 14:00:00,23.4,55,0.0,2025-04-09 10:48:12,16,3,14
2025-03-16 15:00:00,22.1,57,0.0,2025-04-09 10:48:12,16,3,15
2025-03-16 16:00:00,20.9,60,0.0,2025-04-09 10:48:12,16,3,16
2025-03-16 17:00:00,20.0,63,0.0,2025-04-09 10:48:12,16,3,17
2025-03-16 18:00:00,20.2,63,0.0,2025-04-09 10:48:12,16,3,18
2025-03-16 19:00:00,19.6,64,0.0,2025-04-09 10:48:12,16,3,19
2025-03-16 20:00:00,19.0,68,0.0,2025-04-09 10:48:12,16,3,20
2025-03-16 21:00:00,18.4,70,0.0,2025-04-09 10:48:12,16,3,21
2025-03-16 22:00:00,18.0,70,0.0,2025-04-09 10:48:12,16,3,22
2025-03-16 23:00:00,17.8,69,0.0,2025-04-09 10:48:12,16,3,23
2025-03-17 00:00:00,17.9,75,0.0,2025-04-09 10:48:12,17,3,0
2025-03-17 01:00:00,17.5,77,0.0,2025-04-09 10:48:12,17,3,1
2025-03-17 02:00:00,17.5,79,0.0,2025-04-09 10:48:12,17,3,2
2025-03-17 03:00:00,19.3,72,0.0,2025-04-09 10:48:12,17,3,3
2025-03-17 04:00:00,21.9,62,0.0,2025-04-09 10:48:12,17,3,4
2025-03-17 05:00:00,24.3,55,0.0,2025-04-09 10:48:12,17,3,5
2025-03-17 06:00:00,26.1,46,0.0,2025-04-09 10:48:12,17,3,6
2025-03-17 07:00:00,27.1,40,0.0,2025-04-09 10:48:12,17,3,7
2025-03-17 08:00:00,27.8,36,0.0,2025-04-09 10:48:12,17,3,8
2025-03-17 09:00:00,28.0,33,0.0,2025-04-09 10:48:12,17,3,9
2025-03-17 10:00:00,27.7,32,0.0,2025-04-09 10:48:12,17,3,10
2025-03-17 11:00:00,27.2,34,0.0,2025-04-09 10:48:12,17,3,11
2025-03-17 12:00:00,26.6,40,0.0,2025-04-09 10:48:12,17,3,12
2025-03-17 13:00:00,24.4,53,0.0,2025-04-09 10:48:12,17,3,13
2025-03-17 14:00:00,23.0,59,0.0,2025-04-09 10:48:12,17,3,14
2025-03-17 15:00:00,21.8,63,0.0,2025-04-09 10:48:12,17,3,15
2025-03-17 16:00:00,20.8,66,0.0,2025-04-09 10:48:12,17,3,16
2025-03-17 17:00:00,19.9,68,0.0,2025-04-09 10:48:12,17,3,17
2025-03-17 18:00:00,19.8,71,0.0,2025-04-09 10:48:12,17,3,18
2025-03-17 19:00:00,19.2,71,0.0,2025-04-09 10:48:12,17,3,19
2025-03-17 20:00:00,18.7,73,0.0,2025-04-09 10:48:12,17,3,20
2025-03-17 21:00:00,18.2,74,0.0,2025-04-09 10:48:12,17,3,21
2025-03-17 22:00:00,17.8,75,0.0,2025-04-09 10:48:12,17,3,22
2025-03-17 23:00:00,17.4,75,0.0,2025-04-09 10:48:12,17,3,23
2025-03-18 00:00:00,17.2,80,0.0,2025-04-09 10:48:12,18,3,0
2025-03-18 01:00:00,16.7,81,0.0,2025-04-09 10:48:12,18,3,1
2025-03-18 02:00:00,17.1,81,0.0,2025-04-09 10:48:12,18,3,2
2025-03-18 03:00:00,19.2,73,0.0,2025-04-09 10:48:12,18,3,3
2025-03-18 04:00:00,21.9,64,0.0,2025-04-09 10:48:12,18,3,4
2025-03-18 05:00:00,24.4,57,0.0,2025-04-09 10:48:12,18,3,5
2025-03-18 06:00:00,26.3,45,0.0,2025-04-09 10:48:12,18,3,6
2025-03-18 07:00:00,27.4,36,0.0,2025-04-09 10:48:12,18,3,7
2025-03-18 08:00:00,28.0,33,0.0,2025-04-09 10:48:12,18,3,8
2025-03-18 09:00:00,28.2,33,0.0,2025-04-09 10:48:12,18,3,9
2025-03-18 10:00:00,28.1,33,0.0,2025-04-09 10:48:12,18,3,10
2025-03-18 11:00:00,27.7,34,0.0,2025-04-09 10:48:12,18,3,11
2025-03-18 12:00:00,27.6,37,0.0,2025-04-09 10:48:12,18,3,12
2025-03-18 13:00:00,25.3,49,0.0,2025-04-09 10:48:12,18,3,13
2025-03-18 14:00:00,23.7,55,0.0,2025-04-09 10:48:12,18,3,14
2025-03-18 15:00:00,22.2,61,0.0,2025-04-09 10:48:12,18,3,15
2025-03-18 16:00:00,21.2,64,0.0,2025-04-09 10:48:12,18,3,16
2025-03-18 17:00:00,20.5,64,0.0,2025-04-09 10:48:12,18,3,17
2025-03-18 18:00:00,20.5,65,0.0,2025-04-09 10:48:12,18,3,18
2025-03-18 19:00:00,20.0,65,0.0,2025-04-09 10:48:12,18,3,19
2025-03-18 20:00:00,19.4,67,0.0,2025-04-09 10:48:12,18,3,20
2025-03-18 21:00:00,18.9,67,0.0,2025-04-09 10:48:12,18,3,21
2025-03-18 22:00:00,18.5,66,0.0,2025-04-09 10:48:12,18,3,22
2025-03-18 23:00:00,18.4,65,0.0,2025-04-09 10:48:12,18,3,23
2025-03-19 00:00:00,17.7,73,0.0,2025-04-09 10:48:12,19,3,0
2025-03-19 01:00:00,17.2,74,0.0,2025-04-09 10:48:12,19,3,1
2025-03-19 02:00:00,17.5,74,0.0,2025-04-09 10:48:12,19,3,2
2025-03-19 03:00:00,19.8,67,0.0,2025-04-09 10:48:12,19,3,3
2025-03-19 04:00:00,22.7,60,0.0,2025-04-09 10:48:12,19,3,4
2025-03-19 05:00:00,25.5,53,0.0,2025-04-09 10:48:12,19,3,5
2025-03-19 06:00:00,28.0,43,0.0,2025-04-09 10:48:12,19,3,6
2025-03-19 07:00:00,29.4,37,0.0,2025-04-09 10:48:12,19,3,7
2025-03-19 08:00:00,30.2,35,0.0,2025-04-09 10:48:12,19,3,8
2025-03-19 09:00:00,30.7,34,0.0,2025-04-09 10:48:12,19,3,9
2025-03-19 10:00:00,30.7,34,0.0,2025-04-09 10:48:12,19,3,10
2025-03-19 11:00:00,30.3,33,0.0,2025-04-09 10:48:12,19,3,11
2025-03-19 12:00:00,30.0,31,0.0,2025-04-09 10:48:12,19,3,12
2025-03-19 13:00:00,28.0,41,0.0,2025-04-09 10:48:12,19,3,13
2025-03-19 14:00:00,26.5,45,0.0,2025-04-09 10:48:12,19,3,14
2025-03-19 15:00:00,25.0,50,0.0,2025-04-09 10:48:12,19,3,15
2025-03-19 16:00:00,24.0,51,0.0,2025-04-09 10:48:12,19,3,16
2025-03-19 17:00:00,23.1,49,0.0,2025-04-09 10:48:12,19,3,17
2025-03-19 18:00:00,20.6,65,0.0,2025-04-09 10:48:12,19,3,18
2025-03-19 19:00:00,19.1,73,0.0,2025-04-09 10:48:12,19,3,19
2025-03-19 20:00:00,18.4,78,0.0,2025-04-09 10:48:12,19,3,20
2025-03-19 21:00:00,18.1,78,0.0,2025-04-09 10:48:12,19,3,21
2025-03-19 22:00:00,17.8,77,0.0,2025-04-09 10:48:12,19,3,22
2025-03-19 23:00:00,17.5,77,0.0,2025-04-09 10:48:12,19,3,23
2025-03-20 00:00:00,17.1,80,0.0,2025-04-09 10:48:12,20,3,0
2025-03-20 01:00:00,16.9,80,0.0,2025-04-09 10:48:12,20,3,1
2025-03-20 02:00:00,17.5,78,0.0,2025-04-09 10:48:12,20,3,2
2025-03-20 03:00:00,20.1,72,0.0,2025-04-09 10:48:12,20,3,3
2025-03-20 04:00:00,23.3,64,0.0,2025-04-09 10:48:12,20,3,4
2025-03-20 05:00:00,26.3,57,0.0,2025-04-09 10:48:12,20,3,5
2025-03-20 06:00:00,29.6,38,0.0,2025-04-09 10:48:12,20,3,6
2025-03-20 07:00:00,30.9,32,0.0,2025-04-09 10:48:12,20,3,7
2025-03-20 08:00:00,31.8,26,0.0,2025-04-09 10:48:12,20,3,8
2025-03-20 09:00:00,32.0,23,0.0,2025-04-09 10:48:12,20,3,9
2025-03-20 10:00:00,31.7,24,0.0,2025-04-09 10:48:12,20,3,10
2025-03-20 11:00:00,30.9,25,0.0,2025-04-09 10:48:12,20,3,11
2025-03-20 12:00:00,29.7,30,0.0,2025-04-09 10:48:12,20,3,12
2025-03-20 13:00:00,27.0,42,0.0,2025-04-09 10:48:12,20,3,13
2025-03-20 14:00:00,25.1,45,0.0,2025-04-09 10:48:12,20,3,14
2025-03-20 15:00:00,24.3,44,0.0,2025-04-09 10:48:12,20,3,15
2025-03-20 16:00:00,23.9,40,0.0,2025-04-09 10:48:12,20,3,16
2025-03-20 17:00:00,23.4,40,0.0,2025-04-09 10:48:12,20,3,17
2025-03-20 18:00:00,22.8,47,0.0,2025-04-09 10:48:12,20,3,18
2025-03-20 19:00:00,20.0,61,0.0,2025-04-09 10:48:12,20,3,19
2025-03-20 20:00:00,19.2,66,0.0,2025-04-09 10:48:12,20,3,20
2025-03-20 21:00:00,18.6,69,0.0,2025-04-09 10:48:12,20,3,21
2025-03-20 22:00:00,18.1,71,0.0,2025-04-09 10:48:12,20,3,22
2025-03-20 23:00:00,17.7,72,0.0,2025-04-09 10:48:12,20,3,23
2025-03-21 00:00:00,17.4,77,0.0,2025-04-09 10:48:12,21,3,0
2025-03-21 01:00:00,17.0,79,0.0,2025-04-09 10:48:12,21,3,1
2025-03-21 02:00:00,17.5,79,0.0,2025-04-09 10:48:12,21,3,2
2025-03-21 03:00:00,20.1,69,0.0,2025-04-09 10:48:12,21,3,3
2025-03-21 04:00:00,23.1,58,0.0,2025-04-09 10:48:12,21,3,4
2025-03-21 05:00:00,25.9,50,0.0,2025-04-09 10:48:12,21,3,5
2025-03-21 06:00:00,28.5,43,0.0,2025-04-09 10:48:12,21,3,6
2025-03-21 07:00:00,30.4,34,0.0,2025-04-09 10:48:12,21,3,7
2025-03-21 08:00:00,31.6,23,0.0,2025-04-09 10:48:12,21,3,8
2025-03-21 09:00:00,31.7,19,0.0,2025-04-09 10:48:12,21,3,9
2025-03-21 10:00:00,31.3,19,0.0,2025-04-09 10:48:12,21,3,10
2025-03-21 11:00:00,30.4,22,0.0,2025-04-09 10:48:12,21,3,11
2025-03-21 12:00:00,29.0,30,0.0,2025-04-09 10:48:12,21,3,12
2025-03-21 13:00:00,26.3,41,0.0,2025-04-09 10:48:12,21,3,13
2025-03-21 14:00:00,24.6,47,0.0,2025-04-09 10:48:12,21,3,14
2025-03-21 15:00:00,23.2,51,0.0,2025-04-09 10:48:12,21,3,15
2025-03-21 16:00:00,22.0,54,0.0,2025-04-09 10:48:12,21,3,16
2025-03-21 17:00:00,21.4,54,0.0,2025-04-09 10:48:12,21,3,17
2025-03-21 18:00:00,21.2,56,0.0,2025-04-09 10:48:12,21,3,18
2025-03-21 19:00:00,20.9,55,0.0,2025-04-09 10:48:12,21,3,19
2025-03-21 20:00:00,20.0,57,0.0,2025-04-09 10:48:12,21,3,20
2025-03-21 21:00:00,19.2,60,0.0,2025-04-09 10:48:12,21,3,21
2025-03-21 22:00:00,18.9,61,0.0,2025-04-09 10:48:12,21,3,22
2025-03-21 23:00:00,18.8,61,0.0,2025-04-09 10:48:12,21,3,23
2025-03-22 00:00:00,18.5,68,0.0,2025-04-09 10:48:12,22,3,0
2025-03-22 01:00:00,18.1,69,0.0,2025-04-09 10:48:12,22,3,1
2025-03-22 02:00:00,18.0,75,0.0,2025-04-09 10:48:12,22,3,2
2025-03-22 03:00:00,20.4,68,0.0,2025-04-09 10:48:12,22,3,3
2025-03-22 04:00:00,23.5,60,0.0,2025-04-09 10:48:12,22,3,4
2025-03-22 05:00:00,26.0,52,0.0,2025-04-09 10:48:12,22,3,5
2025-03-22 06:00:00,28.6,39,0.0,2025-04-09 10:48:12,22,3,6
2025-03-22 07:00:00,28.5,38,0.3,2025-04-09 10:48:12,22,3,7
2025-03-22 08:00:00,29.5,34,0.0,2025-04-09 10:48:12,22,3,8
2025-03-22 09:00:00,29.6,32,0.0,2025-04-09 10:48:12,22,3,9
2025-03-22 10:00:00,29.4,31,0.0,2025-04-09 10:48:12,22,3,10
2025-03-22 11:00:00,29.0,31,0.0,2025-04-09 10:48:12,22,3,11
2025-03-22 12:00:00,29.2,30,0.0,2025-04-09 10:48:12,22,3,12
2025-03-22 13:00:00,27.0,41,0.0,2025-04-09 10:48:12,22,3,13
2025-03-22 14:00:00,25.6,45,0.0,2025-04-09 10:48:12,22,3,14
2025-03-22 15:00:00,24.8,47,0.0,2025-04-09 10:48:12,22,3,15
2025-03-22 16:00:00,23.6,50,0.0,2025-04-09 10:48:12,22,3,16
2025-03-22 17:00:00,22.7,53,0.0,2025-04-09 10:48:12,22,3,17
2025-03-22 18:00:00,21.7,55,0.0,2025-04-09 10:48:12,22,3,18
2025-03-22 19:00:00,20.9,56,0.0,2025-04-09 10:48:12,22,3,19
2025-03-22 20:00:00,20.1,58,0.0,2025-04-09 10:48:12,22,3,20
2025-03-22 21:00:00,19.4,60,0.0,2025-04-09 10:48:12,22,3,21
2025-03-22 22:00:00,18.7,62,0.0,2025-04-09 10:48:12,22,3,22
2025-03-22 23:00:00,18.4,61,0.0,2025-04-09 10:48:12,22,3,23
2025-03-23 00:00:00,17.3,70,0.0,2025-04-09 10:48:12,23,3,0
2025-03-23 01:00:00,17.1,69,0.0,2025-04-09 10:48:12,23,3,1
2025-03-23 02:00:00,17.5,69,0.0,2025-04-09 10:48:12,23,3,2
2025-03-23 03:00:00,20.6,62,0.0,2025-04-09 10:48:12,23,3,3
2025-03-23 04:00:00,24.0,55,0.0,2025-04-09 10:48:12,23,3,4
2025-03-23 05:00:00,26.7,47,0.0,2025-04-09 10:48:12,23,3,5
2025-03-23 06:00:00,29.5,31,0.0,2025-04-09 10:48:12,23,3,6
2025-03-23 07:00:00,30.6,28,0.0,2025-04-09 10:48:12,23,3,7
2025-03-23 08:00:00,31.3,27,0.0,2025-04-09 10:48:12,23,3,8
2025-03-23 09:00:00,31.6,27,0.0,2025-04-09 10:48:12,23,3,9
2025-03-23 10:00:00,31.4,28,0.0,2025-04-09 10:48:12,23,3,10
2025-03-23 11:00:00,30.8,29,0.0,2025-04-09 10:48:12,23,3,11
2025-03-23 12:00:00,30.4,33,0.0,2025-04-09 10:48:12,23,3,12
2025-03-23 13:00:00,27.9,44,0.0,2025-04-09 10:48:12,23,3,13
2025-03-23 14:00:00,26.3,46,0.0,2025-04-09 10:48:12,23,3,14
2025-03-23 15:00:00,25.0,48,0.0,2025-04-09 10:48:12,23,3,15
2025-03-23 16:00:00,24.3,46,0.0,2025-04-09 10:48:12,23,3,16
2025-03-23 17:00:00,23.3,47,0.0,2025-04-09 10:48:12,23,3,17
2025-03-23 18:00:00,21.2,59,0.0,2025-04-09 10:48:12,23,3,18
2025-03-23 19:00:00,20.3,62,0.0,2025-04-09 10:48:12,23,3,19
2025-03-23 20:00:00,19.4,66,0.0,2025-04-09 10:48:12,23,3,20
2025-03-23 21:00:00,18.8,68,0.0,2025-04-09 10:48:12,23,3,21
2025-03-23 22:00:00,18.3,70,0.0,2025-04-09 10:48:12,23,3,22
2025-03-23 23:00:00,17.7,72,0.0,2025-04-09 10:48:12,23,3,23
2025-03-24 00:00:00,17.3,79,0.0,2025-04-09 10:48:12,24,3,0
2025-03-24 01:00:00,17.3,78,0.0,2025-04-09 10:48:12,24,3,1
2025-03-24 02:00:00,18.6,73,0.0,2025-04-09 10:48:12,24,3,2
2025-03-24 03:00:00,22.2,64,0.0,2025-04-09 10:48:12,24,3,3
2025-03-24 04:00:00,25.7,52,0.0,2025-04-09 10:48:12,24,3,4
2025-03-24 05:00:00,28.3,44,0.0,2025-04-09 10:48:12,24,3,5
2025-03-24 06:00:00,31.1,31,0.0,2025-04-09 10:48:12,24,3,6
2025-03-24 07:00:00,32.3,28,0.0,2025-04-09 10:48:12,24,3,7
2025-03-24 08:00:00,33.2,25,0.0,2025-04-09 10:48:12,24,3,8
2025-03-24 09:00:00,33.6,23,0.0,2025-04-09 10:48:12,24,3,9
2025-03-24 10:00:00,33.6,23,0.0,2025-04-09 10:48:12,24,3,10
2025-03-24 11:00:00,33.3,22,0.0,2025-04-09 10:48:12,24,3,11
2025-03-24 12:00:00,32.8,24,0.0,2025-04-09 10:48:12,24,3,12
2025-03-24 13:00:00,31.3,29,0.0,2025-04-09 10:48:12,24,3,13
2025-03-24 14:00:00,29.7,31,0.0,2025-04-09 10:48:12,24,3,14
2025-03-24 15:00:00,27.9,35,0.0,2025-04-09 10:48:12,24,3,15
2025-03-24 16:00:00,26.7,39,0.0,2025-04-09 10:48:12,24,3,16
2025-03-24 17:00:00,24.9,44,0.0,2025-04-09 10:48:12,24,3,17
2025-03-24 18:00:00,22.6,58,0.0,2025-04-09 10:48:12,24,3,18
2025-03-24 19:00:00,21.7,59,0.0,2025-04-09 10:48:12,24,3,19
2025-03-24 20:00:00,21.1,61,0.0,2025-04-09 10:48:12,24,3,20
2025-03-24 21:00:00,20.6,62,0.0,2025-04-09 10:48:12,24,3,21
2025-03-24 22:00:00,19.9,65,0.0,2025-04-09 10:48:12,24,3,22
2025-03-24 23:00:00,19.3,68,0.0,2025-04-09 10:48:12,24,3,23
2025-03-25 00:00:00,18.7,72,0.0,2025-04-09 10:48:12,25,3,0
2025-03-25 01:00:00,18.7,71,0.0,2025-04-09 10:48:12,25,3,1
2025-03-25 02:00:00,19.8,67,0.0,2025-04-09 10:48:12,25,3,2
2025-03-25 03:00:00,22.4,59,0.0,2025-04-09 10:48:12,25,3,3
2025-03-25 04:00:00,25.9,51,0.0,2025-04-09 10:48:12,25,3,4
2025-03-25 05:00:00,28.9,45,0.0,2025-04-09 10:48:12,25,3,5
2025-03-25 06:00:00,32.6,29,0.0,2025-04-09 10:48:12,25,3,6
2025-03-25 07:00:00,34.1,26,0.0,2025-04-09 10:48:12,25,3,7
2025-03-25 08:00:00,35.2,21,0.0,2025-04-09 10:48:12,25,3,8
2025-03-25 09:00:00,35.8,19,0.0,2025-04-09 10:48:12,25,3,9
2025-03-25 10:00:00,35.8,19,0.0,2025-04-09 10:48:12,25,3,10
2025-03-25 11:00:00,35.6,19,0.0,2025-04-09 10:48:12,25,3,11
2025-03-25 12:00:00,33.9,25,0.0,2025-04-09 10:48:12,25,3,12
2025-03-25 13:00:00,31.1,35,0.0,2025-04-09 10:48:12,25,3,13
2025-03-25 14:00:00,28.7,42,0.0,2025-04-09 10:48:12,25,3,14
2025-03-25 15:00:00,27.1,46,0.0,2025-04-09 10:48:12,25,3,15
2025-03-25 16:00:00,26.0,48,0.0,2025-04-09 10:48:12,25,3,16
2025-03-25 17:00:00,25.1,50,0.0,2025-04-09 10:48:12,25,3,17
2025-03-25 18:00:00,23.5,59,0.0,2025-04-09 10:48:12,25,3,18
2025-03-25 19:00:00,22.3,64,0.0,2025-04-09 10:48:12,25,3,19
2025-03-25 20:00:00,21.7,66,0.0,2025-04-09 10:48:12,25,3,20
2025-03-25 21:00:00,20.9,68,0.0,2025-04-09 10:48:12,25,3,21
2025-03-25 22:00:00,20.3,70,0.0,2025-04-09 10:48:12,25,3,22
2025-03-25 23:00:00,19.5,72,0.0,2025-04-09 10:48:12,25,3,23
2025-03-26 00:00:00,19.3,77,0.0,2025-04-09 10:48:12,26,3,0
2025-03-26 01:00:00,19.1,77,0.0,2025-04-09 10:48:12,26,3,1
2025-03-26 02:00:00,20.1,74,0.0,2025-04-09 10:48:12,26,3,2
2025-03-26 03:00:00,23.5,63,0.0,2025-04-09 10:48:12,26,3,3
2025-03-26 04:00:00,27.4,53,0.0,2025-04-09 10:48:12,26,3,4
2025-03-26 05:00:00,30.9,42,0.0,2025-04-09 10:48:12,26,3,5
2025-03-26 06:00:00,35.9,19,0.0,2025-04-09 10:48:12,26,3,6
2025-03-26 07:00:00,37.1,16,0.0,2025-04-09 10:48:12,26,3,7
2025-03-26 08:00:00,37.8,15,0.0,2025-04-09 10:48:12,26,3,8
2025-03-26 09:00:00,37.9,14,0.0,2025-04-09 10:48:12,26,3,9
2025-03-26 10:00:00,37.6,14,0.0,2025-04-09 10:48:12,26,3,10
2025-03-26 11:00:00,37.0,15,0.0,2025-04-09 10:48:12,26,3,11
2025-03-26 12:00:00,35.8,19,0.0,2025-04-09 10:48:12,26,3,12
2025-03-26 13:00:00,34.4,23,0.0,2025-04-09 10:48:12,26,3,13
2025-03-26 14:00:00,32.9,24,0.0,2025-04-09 10:48:12,26,3,14
2025-03-26 15:00:00,31.6,26,0.0,2025-04-09 10:48:12,26,3,15
2025-03-26 16:00:00,28.8,34,0.0,2025-04-09 10:48:12,26,3,16
2025-03-26 17:00:00,26.4,44,0.0,2025-04-09 10:48:12,26,3,17
2025-03-26 18:00:00,24.9,57,0.0,2025-04-09 10:48:12,26,3,18
2025-03-26 19:00:00,24.3,58,0.0,2025-04-09 10:48:12,26,3,19
2025-03-26 20:00:00,23.6,58,0.0,2025-04-09 10:48:12,26,3,20
2025-03-26 21:00:00,23.5,56,0.0,2025-04-09 10:48:12,26,3,21
2025-03-26 22:00:00,23.0,56,0.0,2025-04-09 10:48:12,26,3,22
2025-03-26 23:00:00,22.7,56,0.0,2025-04-09 10:48:12,26,3,23
2025-03-27 00:00:00,22.3,60,0.0,2025-04-09 10:48:12,27,3,0
2025-03-27 01:00:00,22.4,57,0.0,2025-04-09 10:48:12,27,3,1
2025-03-27 02:00:00,23.3,55,0.0,2025-04-09 10:48:12,27,3,2
2025-03-27 03:00:00,26.3,50,0.0,2025-04-09 10:48:12,27,3,3
2025-03-27 04:00:00,29.3,43,0.0,2025-04-09 10:48:12,27,3,4
2025-03-27 05:00:00,31.5,34,0.0,2025-04-09 10:48:12,27,3,5
2025-03-27 06:00:00,33.8,28,0.0,2025-04-09 10:48:12,27,3,6
2025-03-27 07:00:00,35.2,25,0.0,2025-04-09 10:48:12,27,3,7
2025-03-27 08:00:00,36.1,22,0.0,2025-04-09 10:48:12,27,3,8
2025-03-27 09:00:00,36.6,18,0.0,2025-04-09 10:48:12,27,3,9
2025-03-27 10:00:00,36.4,17,0.0,2025-04-09 10:48:12,27,3,10
2025-03-27 11:00:00,35.9,17,0.0,2025-04-09 10:48:12,27,3,11
2025-03-27 12:00:00,34.5,21,0.0,2025-04-09 10:48:12,27,3,12
2025-03-27 13:00:00,32.6,29,0.0,2025-04-09 10:48:12,27,3,13
2025-03-27 14:00:00,31.4,32,0.0,2025-04-09 10:48:12,27,3,14
2025-03-27 15:00:00,30.4,31,0.0,2025-04-09 10:48:12,27,3,15
2025-03-27 16:00:00,29.3,34,0.0,2025-04-09 10:48:12,27,3,16
2025-03-27 17:00:00,28.3,38,0.0,2025-04-09 10:48:12,27,3,17
2025-03-27 18:00:00,25.9,50,0.0,2025-04-09 10:48:12,27,3,18
2025-03-27 19:00:00,25.1,52,0.0,2025-04-09 10:48:12,27,3,19
2025-03-27 20:00:00,24.6,55,0.0,2025-04-09 10:48:12,27,3,20
2025-03-27 21:00:00,22.8,62,0.0,2025-04-09 10:48:12,27,3,21
2025-03-27 22:00:00,21.1,66,0.0,2025-04-09 10:48:12,27,3,22
2025-03-27 23:00:00,20.3,66,0.0,2025-04-09 10:48:12,27,3,23
2025-03-28 00:00:00,20.7,54,0.0,2025-04-09 10:48:12,28,3,0
2025-03-28 01:00:00,19.7,57,0.0,2025-04-09 10:48:12,28,3,1
2025-03-28 02:00:00,20.2,54,0.0,2025-04-09 10:48:12,28,3,2
2025-03-28 03:00:00,22.6,45,0.0,2025-04-09 10:48:12,28,3,3
2025-03-28 04:00:00,25.3,39,0.0,2025-04-09 10:48:12,28,3,4
2025-03-28 05:00:00,27.8,34,0.0,2025-04-09 10:48:12,28,3,5
2025-03-28 06:00:00,29.1,28,0.0,2025-04-09 10:48:12,28,3,6
2025-03-28 07:00:00,30.4,23,0.0,2025-04-09 10:48:12,28,3,7
2025-03-28 08:00:00,31.1,18,0.0,2025-04-09 10:48:12,28,3,8
2025-03-28 09:00:00,31.3,17,0.0,2025-04-09 10:48:12,28,3,9
2025-03-28 10:00:00,31.1,16,0.0,2025-04-09 10:48:12,28,3,10
2025-03-28 11:00:00,30.4,15,0.0,2025-04-09 10:48:12,28,3,11
2025-03-28 12:00:00,29.5,18,0.0,2025-04-09 10:48:12,28,3,12
2025-03-28 13:00:00,27.5,24,0.0,2025-04-09 10:48:12,28,3,13
2025-03-28 14:00:00,25.2,32,0.0,2025-04-09 10:48:12,28,3,14
2025-03-28 15:00:00,23.2,35,0.0,2025-04-09 10:48:12,28,3,15
2025-03-28 16:00:00,21.6,35,0.0,2025-04-09 10:48:12,28,3,16
2025-03-28 17:00:00,20.2,35,0.0,2025-04-09 10:48:12,28,3,17
2025-03-28 18:00:00,19.5,34,0.0,2025-04-09 10:48:12,28,3,18
2025-03-28 19:00:00,18.5,36,0.0,2025-04-09 10:48:12,28,3,19
2025-03-28 20:00:00,17.8,38,0.0,2025-04-09 10:48:12,28,3,20
2025-03-28 21:00:00,17.1,40,0.0,2025-04-09 10:48:12,28,3,21
2025-03-28 22:00:00,16.5,41,0.0,2025-04-09 10:48:12,28,3,22
2025-03-28 23:00:00,15.8,43,0.0,2025-04-09 10:48:12,28,3,23
2025-03-29 00:00:00,15.6,46,0.0,2025-04-09 10:48:12,29,3,0
2025-03-29 01:00:00,15.2,49,0.0,2025-04-09 10:48:12,29,3,1
2025-03-29 02:00:00,15.7,49,0.0,2025-04-09 10:48:12,29,3,2
2025-03-29 03:00:00,17.5,44,0.0,2025-04-09 10:48:12,29,3,3
2025-03-29 04:00:00,20.2,37,0.0,2025-04-09 10:48:12,29,3,4
2025-03-29 05:00:00,23.0,31,0.0,2025-04-09 10:48:12,29,3,5
2025-03-29 06:00:00,26.0,20,0.0,2025-04-09 10:48:12,29,3,6
2025-03-29 07:00:00,27.5,18,0.0,2025-04-09 10:48:12,29,3,7
2025-03-29 08:00:00,28.3,15,0.0,2025-04-09 10:48:12,29,3,8
2025-03-29 09:00:00,28.5,16,0.0,2025-04-09 10:48:12,29,3,9
2025-03-29 10:00:00,28.3,16,0.0,2025-04-09 10:48:12,29,3,10
2025-03-29 11:00:00,27.7,16,0.0,2025-04-09 10:48:12,29,3,11
2025-03-29 12:00:00,27.3,19,0.0,2025-04-09 10:48:12,29,3,12
2025-03-29 13:00:00,25.9,24,0.0,2025-04-09 10:48:12,29,3,13
2025-03-29 14:00:00,24.1,31,0.0,2025-04-09 10:48:12,29,3,14
2025-03-29 15:00:00,23.0,34,0.0,2025-04-09 10:48:12,29,3,15
2025-03-29 16:00:00,22.1,36,0.0,2025-04-09 10:48:12,29,3,16
2025-03-29 17:00:00,21.3,38,0.0,2025-04-09 10:48:12,29,3,17
2025-03-29 18:00:00,20.3,42,0.0,2025-04-09 10:48:12,29,3,18
2025-03-29 19:00:00,19.5,44,0.0,2025-04-09 10:48:12,29,3,19
2025-03-29 20:00:00,18.6,46,0.0,2025-04-09 10:48:12,29,3,20
2025-03-29 21:00:00,17.9,48,0.0,2025-04-09 10:48:12,29,3,21
2025-03-29 22:00:00,17.3,49,0.0,2025-04-09 10:48:12,29,3,22
2025-03-29 23:00:00,16.7,50,0.0,2025-04-09 10:48:12,29,3,23
2025-03-30 00:00:00,16.0,53,0.0,2025-04-09 10:48:12,30,3,0
2025-03-30 01:00:00,15.6,55,0.0,2025-04-09 10:48:12,30,3,1
2025-03-30 02:00:00,16.2,54,0.0,2025-04-09 10:48:12,30,3,2
2025-03-30 03:00:00,18.4,48,0.0,2025-04-09 10:48:12,30,3,3
2025-03-30 04:00:00,21.5,41,0.0,2025-04-09 10:48:12,30,3,4
2025-03-30 05:00:00,24.5,35,0.0,2025-04-09 10:48:12,30,3,5
2025-03-30 06:00:00,28.1,24,0.0,2025-04-09 10:48:12,30,3,6
2025-03-30 07:00:00,29.8,20,0.0,2025-04-09 10:48:12,30,3,7
2025-03-30 08:00:00,31.0,18,0.0,2025-04-09 10:48:12,30,3,8
2025-03-30 09:00:00,31.8,17,0.0,2025-04-09 10:48:12,30,3,9
2025-03-30 10:00:00,32.1,16,0.0,2025-04-09 10:48:12,30,3,10
2025-03-30 11:00:00,31.8,17,0.0,2025-04-09 10:48:12,30,3,11
2025-03-30 12:00:00,30.7,20,0.0,2025-04-09 10:48:12,30,3,12
2025-03-30 13:00:00,28.8,24,0.0,2025-04-09 10:48:12,30,3,13
2025-03-30 14:00:00,26.5,32,0.0,2025-04-09 10:48:12,30,3,14
2025-03-30 15:00:00,25.1,35,0.0,2025-04-09 10:48:12,30,3,15
2025-03-30 16:00:00,23.7,38,0.0,2025-04-09 10:48:12,30,3,16
2025-03-30 17:00:00,22.6,40,0.0,2025-04-09 10:48:12,30,3,17
2025-03-30 18:00:00,21.2,46,0.0,2025-04-09 10:48:12,30,3,18
2025-03-30 19:00:00,20.3,47,0.0,2025-04-09 10:48:12,30,3,19
2025-03-30 20:00:00,19.5,48,0.0,2025-04-09 10:48:12,30,3,20
2025-03-30 21:00:00,18.8,48,0.0,2025-04-09 10:48:12,30,3,21
2025-03-30 22:00:00,18.1,50,0.0,2025-04-09 10:48:12,30,3,22
2025-03-30 23:00:00,17.6,51,0.0,2025-04-09 10:48:12,30,3,23
2025-03-31 00:00:00,16.9,58,0.0,2025-04-09 10:48:12,31,3,0
2025-03-31 01:00:00,16.6,58,0.0,2025-04-09 10:48:12,31,3,1
2025-03-31 02:00:00,17.2,59,0.0,2025-04-09 10:48:12,31,3,2
2025-03-31 03:00:00,19.7,53,0.0,2025-04-09 10:48:12,31,3,3
2025-03-31 04:00:00,22.9,46,0.0,2025-04-09 10:48:12,31,3,4
2025-03-31 05:00:00,25.9,39,0.0,2025-04-09 10:48:12,31,3,5
2025-03-31 06:00:00,30.0,28,0.0,2025-04-09 10:48:12,31,3,6
2025-03-31 07:00:00,31.9,23,0.0,2025-04-09 10:48:12,31,3,7
2025-03-31 08:00:00,33.4,18,0.0,2025-04-09 10:48:12,31,3,8
2025-03-31 09:00:00,34.1,15,0.0,2025-04-09 10:48:12,31,3,9
2025-03-31 10:00:00,34.1,14,0.0,2025-04-09 10:48:12,31,3,10
2025-03-31 11:00:00,33.6,14,0.0,2025-04-09 10:48:12,31,3,11
2025-03-31 12:00:00,32.3,17,0.0,2025-04-09 10:48:12,31,3,12
2025-03-31 13:00:00,30.0,24,0.0,2025-04-09 10:48:12,31,3,13
2025-03-31 14:00:00,27.9,30,0.0,2025-04-09 10:48:12,31,3,14
2025-03-31 15:00:00,26.2,33,0.0,2025-04-09 10:48:12,31,3,15
2025-03-31 16:00:00,24.6,36,0.0,2025-04-09 10:48:12,31,3,16
2025-03-31 17:00:00,23.3,38,0.0,2025-04-09 10:48:12,31,3,17
2025-03-31 18:00:00,22.6,40,0.0,2025-04-09 10:48:12,31,3,18
2025-03-31 19:00:00,21.7,42,0.0,2025-04-09 10:48:12,31,3,19
2025-03-31 20:00:00,20.9,44,0.0,2025-04-09 10:48:12,31,3,20
2025-03-31 21:00:00,20.1,46,0.0,2025-04-09 10:48:12,31,3,21
2025-03-31 22:00:00,19.5,48,0.0,2025-04-09 10:48:12,31,3,22
2025-03-31 23:00:00,18.9,49,0.0,2025-04-09 10:48:12,31,3,23
2025-04-01 00:00:00,18.6,52,0.0,2025-04-09 10:48:12,1,4,0
2025-04-01 01:00:00,18.1,53,0.0,2025-04-09 10:48:12,1,4,1
2025-04-01 02:00:00,18.7,54,0.0,2025-04-09 10:48:12,1,4,2
2025-04-01 03:00:00,20.9,49,0.0,2025-04-09 10:48:12,1,4,3
2025-04-01 04:00:00,23.9,42,0.0,2025-04-09 10:48:12,1,4,4
2025-04-01 05:00:00,26.8,35,0.0,2025-04-09 10:48:12,1,4,5
2025-04-01 06:00:00,30.6,23,0.0,2025-04-09 10:48:12,1,4,6
2025-04-01 07:00:00,32.3,16,0.0,2025-04-09 10:48:12,1,4,7
2025-04-01 08:00:00,33.3,13,0.0,2025-04-09 10:48:12,1,4,8
2025-04-01 09:00:00,33.6,13,0.0,2025-04-09 10:48:12,1,4,9
2025-04-01 10:00:00,33.6,13,0.0,2025-04-09 10:48:12,1,4,10
2025-04-01 11:00:00,33.1,13,0.0,2025-04-09 10:48:12,1,4,11
2025-04-01 12:00:00,32.0,17,0.0,2025-04-09 10:48:12,1,4,12
2025-04-01 13:00:00,29.9,23,0.0,2025-04-09 10:48:12,1,4,13
2025-04-01 14:00:00,28.1,28,0.0,2025-04-09 10:48:12,1,4,14
2025-04-01 15:00:00,26.7,32,0.0,2025-04-09 10:48:12,1,4,15
2025-04-01 16:00:00,25.5,34,0.0,2025-04-09 10:48:12,1,4,16
2025-04-01 17:00:00,24.3,36,0.0,2025-04-09 10:48:12,1,4,17
2025-04-01 18:00:00,24.1,39,0.0,2025-04-09 10:48:12,1,4,18
2025-04-01 19:00:00,23.2,40,0.0,2025-04-09 10:48:12,1,4,19
2025-04-01 20:00:00,22.5,41,0.0,2025-04-09 10:48:12,1,4,20
2025-04-01 21:00:00,21.7,43,0.0,2025-04-09 10:48:12,1,4,21
2025-04-01 22:00:00,21.1,45,0.0,2025-04-09 10:48:12,1,4,22
2025-04-01 23:00:00,20.5,47,0.0,2025-04-09 10:48:12,1,4,23
2025-04-02 00:00:00,18.8,59,0.0,2025-04-09 10:48:12,2,4,0
2025-04-02 01:00:00,18.6,59,0.0,2025-04-09 10:48:12,2,4,1
2025-04-02 02:00:00,19.6,58,0.0,2025-04-09 10:48:12,2,4,2
2025-04-02 03:00:00,22.4,52,0.0,2025-04-09 10:48:12,2,4,3
2025-04-02 04:00:00,25.6,45,0.0,2025-04-09 10:48:12,2,4,4
2025-04-02 05:00:00,28.5,37,0.0,2025-04-09 10:48:12,2,4,5
2025-04-02 06:00:00,31.3,27,0.0,2025-04-09 10:48:12,2,4,6
2025-04-02 07:00:00,32.9,23,0.0,2025-04-09 10:48:12,2,4,7
2025-04-02 08:00:00,34.0,21,0.0,2025-04-09 10:48:12,2,4,8
2025-04-02 09:00:00,34.6,19,0.0,2025-04-09 10:48:12,2,4,9
2025-04-02 10:00:00,34.7,18,0.0,2025-04-09 10:48:12,2,4,10
2025-04-02 11:00:00,34.4,18,0.0,2025-04-09 10:48:12,2,4,11
2025-04-02 12:00:00,33.7,20,0.0,2025-04-09 10:48:12,2,4,12
2025-04-02 13:00:00,31.5,28,0.0,2025-04-09 10:48:12,2,4,13
2025-04-02 14:00:00,29.3,33,0.0,2025-04-09 10:48:12,2,4,14
2025-04-02 15:00:00,27.7,35,0.0,2025-04-09 10:48:12,2,4,15
2025-04-02 16:00:00,26.4,36,0.0,2025-04-09 10:48:12,2,4,16
2025-04-02 17:00:00,25.7,37,0.0,2025-04-09 10:48:12,2,4,17
2025-04-02 18:00:00,24.8,41,0.0,2025-04-09 10:48:12,2,4,18
2025-04-02 19:00:00,23.6,44,0.0,2025-04-09 10:48:12,2,4,19
2025-04-02 20:00:00,22.8,46,0.0,2025-04-09 10:48:12,2,4,20
2025-04-02 21:00:00,22.3,47,0.0,2025-04-09 10:48:12,2,4,21
2025-04-02 22:00:00,21.8,48,0.0,2025-04-09 10:48:12,2,4,22
2025-04-02 23:00:00,21.6,48,0.0,2025-04-09 10:48:12,2,4,23
2025-04-03 00:00:00,20.4,56,0.0,2025-04-09 10:48:12,3,4,0
2025-04-03 01:00:00,20.1,56,0.0,2025-04-09 10:48:12,3,4,1
2025-04-03 02:00:00,21.1,54,0.0,2025-04-09 10:48:12,3,4,2
2025-04-03 03:00:00,23.4,51,0.0,2025-04-09 10:48:12,3,4,3
2025-04-03 04:00:00,26.4,47,0.0,2025-04-09 10:48:12,3,4,4
2025-04-03 05:00:00,29.4,40,0.0,2025-04-09 10:48:12,3,4,5
2025-04-03 06:00:00,32.6,29,0.0,2025-04-09 10:48:12,3,4,6
2025-04-03 07:00:00,34.6,22,0.0,2025-04-09 10:48:12,3,4,7
2025-04-03 08:00:00,35.8,16,0.0,2025-04-09 10:48:12,3,4,8
2025-04-03 09:00:00,35.8,14,0.0,2025-04-09 10:48:12,3,4,9
2025-04-03 10:00:00,35.7,14,0.0,2025-04-09 10:48:12,3,4,10
2025-04-03 11:00:00,35.1,14,0.0,2025-04-09 10:48:12,3,4,11
2025-04-03 12:00:00,34.6,20,0.0,2025-04-09 10:48:12,3,4,12
2025-04-03 13:00:00,31.9,30,0.0,2025-04-09 10:48:12,3,4,13
2025-04-03 14:00:00,29.5,37,0.0,2025-04-09 10:48:12,3,4,14
2025-04-03 15:00:00,28.7,35,0.0,2025-04-09 10:48:12,3,4,15
2025-04-03 16:00:00,28.1,33,0.0,2025-04-09 10:48:12,3,4,16
2025-04-03 17:00:00,27.2,33,0.0,2025-04-09 10:48:12,3,4,17
2025-04-03 18:00:00,27.1,33,0.0,2025-04-09 10:48:12,3,4,18
2025-04-03 19:00:00,26.1,34,0.0,2025-04-09 10:48:12,3,4,19
2025-04-03 20:00:00,25.3,36,0.0,2025-04-09 10:48:12,3,4,20
2025-04-03 21:00:00,24.9,37,0.0,2025-04-09 10:48:12,3,4,21
2025-04-03 22:00:00,24.4,37,0.0,2025-04-09 10:48:12,3,4,22
2025-04-03 23:00:00,23.7,40,0.0,2025-04-09 10:48:12,3,4,23
2025-04-04 00:00:00,22.1,47,0.0,2025-04-09 10:48:12,4,4,0
2025-04-04 01:00:00,22.0,47,0.0,2025-04-09 10:48:12,4,4,1
2025-04-04 02:00:00,22.6,47,0.0,2025-04-09 10:48:12,4,4,2
2025-04-04 03:00:00,24.4,47,0.0,2025-04-09 10:48:12,4,4,3
2025-04-04 04:00:00,27.2,43,0.0,2025-04-09 10:48:12,4,4,4
2025-04-04 05:00:00,29.8,38,0.0,2025-04-09 10:48:12,4,4,5
2025-04-04 06:00:00,33.2,25,0.0,2025-04-09 10:48:12,4,4,6
2025-04-04 07:00:00,34.8,19,0.0,2025-04-09 10:48:12,4,4,7
2025-04-04 08:00:00,35.5,19,0.0,2025-04-09 10:48:12,4,4,8
2025-04-04 09:00:00,35.9,18,0.0,2025-04-09 10:48:12,4,4,9
2025-04-04 10:00:00,36.1,16,0.0,2025-04-09 10:48:12,4,4,10
2025-04-04 11:00:00,35.6,17,0.0,2025-04-09 10:48:12,4,4,11
2025-04-04 12:00:00,34.3,21,0.0,2025-04-09 10:48:12,4,4,12
2025-04-04 13:00:00,31.7,28,0.0,2025-04-09 10:48:12,4,4,13
2025-04-04 14:00:00,29.4,34,0.0,2025-04-09 10:48:12,4,4,14
2025-04-04 15:00:00,27.8,37,0.0,2025-04-09 10:48:12,4,4,15
2025-04-04 16:00:00,26.7,40,0.0,2025-04-09 10:48:12,4,4,16
2025-04-04 17:00:00,25.5,44,0.0,2025-04-09 10:48:12,4,4,17
2025-04-04 18:00:00,25.3,43,0.0,2025-04-09 10:48:12,4,4,18
2025-04-04 19:00:00,24.3,46,0.0,2025-04-09 10:48:12,4,4,19
2025-04-04 20:00:00,23.4,48,0.0,2025-04-09 10:48:12,4,4,20
2025-04-04 21:00:00,22.6,50,0.0,2025-04-09 10:48:12,4,4,21
2025-04-04 22:00:00,21.9,52,0.0,2025-04-09 10:48:12,4,4,22
2025-04-04 23:00:00,21.3,53,0.0,2025-04-09 10:48:12,4,4,23
2025-04-05 00:00:00,20.9,55,0.0,2025-04-09 10:48:12,5,4,0
2025-04-05 01:00:00,20.4,58,0.0,2025-04-09 10:48:12,5,4,1
2025-04-05 02:00:00,21.1,58,0.0,2025-04-09 10:48:12,5,4,2
2025-04-05 03:00:00,23.3,52,0.0,2025-04-09 10:48:12,5,4,3
2025-04-05 04:00:00,26.0,46,0.0,2025-04-09 10:48:12,5,4,4
2025-04-05 05:00:00,28.7,41,0.0,2025-04-09 10:48:12,5,4,5
2025-04-05 06:00:00,31.3,35,0.0,2025-04-09 10:48:12,5,4,6
2025-04-05 07:00:00,32.9,29,0.0,2025-04-09 10:48:12,5,4,7
2025-04-05 08:00:00,34.1,25,0.0,2025-04-09 10:48:12,5,4,8
2025-04-05 09:00:00,34.7,22,0.0,2025-04-09 10:48:12,5,4,9
2025-04-05 10:00:00,34.8,21,0.0,2025-04-09 10:48:12,5,4,10
2025-04-05 11:00:00,34.5,21,0.0,2025-04-09 10:48:12,5,4,11
2025-04-05 12:00:00,33.6,24,0.0,2025-04-09 10:48:12,5,4,12
2025-04-05 13:00:00,31.5,31,0.0,2025-04-09 10:48:12,5,4,13
2025-04-05 14:00:00,29.8,36,0.0,2025-04-09 10:48:12,5,4,14
2025-04-05 15:00:00,28.3,38,0.0,2025-04-09 10:48:12,5,4,15
2025-04-05 16:00:00,27.0,41,0.0,2025-04-09 10:48:12,5,4,16
2025-04-05 17:00:00,26.0,42,0.0,2025-04-09 10:48:12,5,4,17
2025-04-05 18:00:00,25.8,45,0.0,2025-04-09 10:48:12,5,4,18
2025-04-05 19:00:00,25.1,46,0.0,2025-04-09 10:48:12,5,4,19
2025-04-05 20:00:00,24.7,47,0.0,2025-04-09 10:48:12,5,4,20
2025-04-05 21:00:00,24.5,46,0.0,2025-04-09 10:48:12,5,4,21
2025-04-05 22:00:00,23.8,48,0.0,2025-04-09 10:48:12,5,4,22
2025-04-05 23:00:00,23.0,51,0.0,2025-04-09 10:48:12,5,4,23
2025-04-06 00:00:00,21.8,57,0.0,2025-04-09 10:48:12,6,4,0
2025-04-06 01:00:00,21.6,59,0.0,2025-04-09 10:48:12,6,4,1
2025-04-06 02:00:00,22.4,58,0.0,2025-04-09 10:48:12,6,4,2
2025-04-06 03:00:00,24.4,58,0.0,2025-04-09 10:48:12,6,4,3
2025-04-06 04:00:00,27.4,50,0.0,2025-04-09 10:48:12,6,4,4
2025-04-06 05:00:00,30.0,45,0.0,2025-04-09 10:48:12,6,4,5
2025-04-06 06:00:00,33.0,35,0.0,2025-04-09 10:48:12,6,4,6
2025-04-06 07:00:00,34.5,29,0.0,2025-04-09 10:48:12,6,4,7
2025-04-06 08:00:00,35.3,27,0.0,2025-04-09 10:48:12,6,4,8
2025-04-06 09:00:00,35.9,25,0.0,2025-04-09 10:48:12,6,4,9
2025-04-06 10:00:00,36.2,24,0.0,2025-04-09 10:48:12,6,4,10
2025-04-06 11:00:00,36.1,23,0.0,2025-04-09 10:48:12,6,4,11
2025-04-06 12:00:00,36.1,25,0.0,2025-04-09 10:48:12,6,4,12
2025-04-06 13:00:00,34.7,31,0.0,2025-04-09 10:48:12,6,4,13
2025-04-06 14:00:00,33.6,32,0.0,2025-04-09 10:48:12,6,4,14
2025-04-06 15:00:00,31.5,37,0.0,2025-04-09 10:48:12,6,4,15
2025-04-06 16:00:00,29.9,40,0.0,2025-04-09 10:48:12,6,4,16
2025-04-06 17:00:00,29.0,41,0.0,2025-04-09 10:48:12,6,4,17
2025-04-06 18:00:00,27.0,51,0.0,2025-04-09 10:48:12,6,4,18
2025-04-06 19:00:00,26.2,52,0.0,2025-04-09 10:48:12,6,4,19
2025-04-06 20:00:00,25.3,55,0.0,2025-04-09 10:48:12,6,4,20
2025-04-06 21:00:00,24.6,56,0.0,2025-04-09 10:48:12,6,4,21
2025-04-06 22:00:00,24.4,57,0.0,2025-04-09 10:48:12,6,4,22
2025-04-06 23:00:00,24.3,57,0.0,2025-04-09 10:48:12,6,4,23
2025-04-07 00:00:00,23.2,64,0.0,2025-04-09 10:48:12,7,4,0
2025-04-07 01:00:00,22.8,66,0.0,2025-04-09 10:48:12,7,4,1
2025-04-07 02:00:00,24.2,63,0.0,2025-04-09 10:48:12,7,4,2
2025-04-07 03:00:00,26.5,61,0.0,2025-04-09 10:48:12,7,4,3
2025-04-07 04:00:00,29.4,52,0.0,2025-04-09 10:48:12,7,4,4
2025-04-07 05:00:00,32.0,45,0.0,2025-04-09 10:48:12,7,4,5
2025-04-07 06:00:00,35.1,33,0.0,2025-04-09 10:48:12,7,4,6
2025-04-07 07:00:00,36.5,28,0.0,2025-04-09 10:48:12,7,4,7
2025-04-07 08:00:00,37.2,26,0.0,2025-04-09 10:48:12,7,4,8
2025-04-07 09:00:00,37.4,24,0.0,2025-04-09 10:48:12,7,4,9
2025-04-07 10:00:00,37.3,25,0.0,2025-04-09 10:48:12,7,4,10
2025-04-07 11:00:00,37.0,26,0.0,2025-04-09 10:48:12,7,4,11
2025-04-07 12:00:00,36.8,28,0.0,2025-04-09 10:48:12,7,4,12
2025-04-07 13:00:00,35.3,35,0.0,2025-04-09 10:48:12,7,4,13
2025-04-07 14:00:00,34.3,34,0.0,2025-04-09 10:48:12,7,4,14
2025-04-07 15:00:00,33.2,35,0.0,2025-04-09 10:48:12,7,4,15
2025-04-07 16:00:00,32.0,39,0.0,2025-04-09 10:48:12,7,4,16
2025-04-07 17:00:00,31.2,37,0.0,2025-04-09 10:48:12,7,4,17
2025-04-07 18:00:00,28.4,49,0.0,2025-04-09 10:48:12,7,4,18
2025-04-07 19:00:00,27.6,54,0.0,2025-04-09 10:48:12,7,4,19
2025-04-07 20:00:00,26.4,59,0.0,2025-04-09 10:48:12,7,4,20
2025-04-07 21:00:00,25.6,62,0.0,2025-04-09 10:48:12,7,4,21
2025-04-07 22:00:00,25.4,60,0.0,2025-04-09 10:48:12,7,4,22
2025-04-07 23:00:00,23.9,66,0.0,2025-04-09 10:48:12,7,4,23
2025-04-08 00:00:00,24.1,62,0.0,2025-04-09 10:48:12,8,4,0
2025-04-08 01:00:00,23.7,63,0.0,2025-04-09 10:48:12,8,4,1
2025-04-08 02:00:00,24.5,61,0.0,2025-04-09 10:48:12,8,4,2
2025-04-08 03:00:00,27.2,54,0.0,2025-04-09 10:48:12,8,4,3
2025-04-08 04:00:00,30.0,46,0.0,2025-04-09 10:48:12,8,4,4
2025-04-08 05:00:00,32.6,39,0.0,2025-04-09 10:48:12,8,4,5
2025-04-08 06:00:00,34.3,36,0.0,2025-04-09 10:48:12,8,4,6
2025-04-08 07:00:00,35.9,32,0.0,2025-04-09 10:48:12,8,4,7
2025-04-08 08:00:00,36.9,28,0.0,2025-04-09 10:48:12,8,4,8
2025-04-08 09:00:00,37.4,26,0.0,2025-04-09 10:48:12,8,4,9
2025-04-08 10:00:00,37.4,26,0.0,2025-04-09 10:48:12,8,4,10
2025-04-08 11:00:00,37.1,26,0.0,2025-04-09 10:48:12,8,4,11
2025-04-08 12:00:00,36.9,31,0.0,2025-04-09 10:48:12,8,4,12
2025-04-08 13:00:00,34.9,40,0.0,2025-04-09 10:48:12,8,4,13
2025-04-08 14:00:00,33.3,44,0.0,2025-04-09 10:48:12,8,4,14
2025-04-08 15:00:00,31.6,49,0.0,2025-04-09 10:48:12,8,4,15
2025-04-08 16:00:00,30.1,55,0.0,2025-04-09 10:48:12,8,4,16
2025-04-08 17:00:00,29.0,59,0.0,2025-04-09 10:48:12,8,4,17
2025-04-08 18:00:00,28.7,61,0.0,2025-04-09 10:48:12,8,4,18
2025-04-08 19:00:00,28.0,62,0.0,2025-04-09 10:48:12,8,4,19
2025-04-08 20:00:00,27.0,64,0.0,2025-04-09 10:48:12,8,4,20
2025-04-08 21:00:00,26.2,67,0.0,2025-04-09 10:48:12,8,4,21
2025-04-08 22:00:00,25.6,70,0.0,2025-04-09 10:48:12,8,4,22
2025-04-08 23:00:00,25.0,73,0.0,2025-04-09 10:48:12,8,4,23
2025-04-09 00:00:00,25.0,74,0.0,2025-04-09 10:48:12,9,4,0
2025-04-09 01:00:00,24.7,75,0.0,2025-04-09 10:48:12,9,4,1
2025-04-09 02:00:00,25.6,73,0.0,2025-04-09 10:48:12,9,4,2
2025-04-09 03:00:00,27.8,65,0.0,2025-04-09 10:48:12,9,4,3
2025-04-09 04:00:00,30.4,55,0.0,2025-04-09 10:48:12,9,4,4
2025-04-09 05:00:00,32.8,48,0.0,2025-04-09 10:48:12,9,4,5
2025-04-09 06:00:00,34.9,42,0.0,2025-04-09 10:48:12,9,4,6
2025-04-09 07:00:00,36.8,37,0.0,2025-04-09 10:48:12,9,4,7
2025-04-09 08:00:00,37.9,32,0.0,2025-04-09 10:48:12,9,4,8
2025-04-09 09:00:00,38.6,29,0.0,2025-04-09 10:48:12,9,4,9
2025-04-09 10:00:00,36.6,33,0.5,2025-04-09 10:48:12,9,4,10
2025-04-09 11:00:00,36.2,33,0.2,2025-04-09 10:48:12,9,4,11
2025-04-09 12:00:00,35.6,34,0.0,2025-04-09 10:48:12,9,4,12
2025-04-09 13:00:00,33.2,44,0.0,2025-04-09 10:48:12,9,4,13
2025-04-09 14:00:00,30.8,54,0.0,2025-04-09 10:48:12,9,4,14
2025-04-09 15:00:00,29.3,60,0.0,2025-04-09 10:48:12,9,4,15
2025-04-09 16:00:00,27.4,63,0.0,2025-04-09 10:48:12,9,4,16
2025-04-09 17:00:00,26.6,66,0.0,2025-04-09 10:48:12,9,4,17
2025-04-09 18:00:00,26.1,70,0.0,2025-04-09 10:48:12,9,4,18
2025-04-09 19:00:00,25.6,72,0.0,2025-04-09 10:48:12,9,4,19
2025-04-09 20:00:00,25.2,74,0.0,2025-04-09 10:48:12,9,4,20
2025-04-09 21:00:00,24.7,76,0.0,2025-04-09 10:48:12,9,4,21
2025-04-09 22:00:00,24.3,78,0.0,2025-04-09 10:48:12,9,4,22
2025-04-09 23:00:00,23.6,84,0.0,2025-04-09 10:48:12,9,4,23
2025-04-10 00:00:00,23.1,86,0.0,2025-04-09 10:48:12,10,4,0
2025-04-10 01:00:00,22.8,88,0.0,2025-04-09 10:48:12,10,4,1
2025-04-10 02:00:00,23.7,84,0.0,2025-04-09 10:48:12,10,4,2
2025-04-10 03:00:00,25.6,76,0.0,2025-04-09 10:48:12,10,4,3
2025-04-10 04:00:00,27.8,68,0.0,2025-04-09 10:48:12,10,4,4
2025-04-10 05:00:00,29.7,62,0.0,2025-04-09 10:48:12,10,4,5
2025-04-10 06:00:00,31.7,55,0.0,2025-04-09 10:48:12,10,4,6
2025-04-10 07:00:00,33.1,51,0.0,2025-04-09 10:48:12,10,4,7
2025-04-10 08:00:00,34.1,47,0.0,2025-04-09 10:48:12,10,4,8
2025-04-10 09:00:00,30.2,55,1.3,2025-04-09 10:48:12,10,4,9
2025-04-10 10:00:00,28.9,61,0.0,2025-04-09 10:48:12,10,4,10
2025-04-10 11:00:00,27.9,66,0.0,2025-04-09 10:48:12,10,4,11
2025-04-10 12:00:00,27.9,67,0.0,2025-04-09 10:48:12,10,4,12
2025-04-10 13:00:00,27.5,70,0.0,2025-04-09 10:48:12,10,4,13
2025-04-10 14:00:00,26.5,76,0.0,2025-04-09 10:48:12,10,4,14
2025-04-10 15:00:00,25.5,81,0.0,2025-04-09 10:48:12,10,4,15
2025-04-10 16:00:00,24.7,85,0.0,2025-04-09 10:48:12,10,4,16
2025-04-10 17:00:00,24.2,87,0.0,2025-04-09 10:48:12,10,4,17
2025-04-10 18:00:00,24.0,89,0.0,2025-04-09 10:48:12,10,4,18
2025-04-10 19:00:00,23.7,91,0.0,2025-04-09 10:48:12,10,4,19
2025-04-10 20:00:00,23.4,92,0.0,2025-04-09 10:48:12,10,4,20
2025-04-10 21:00:00,23.0,93,0.0,2025-04-09 10:48:12,10,4,21
2025-04-10 22:00:00,22.7,93,0.0,2025-04-09 10:48:12,10,4,22
2025-04-10 23:00:00,22.4,93,0.0,2025-04-09 10:48:12,10,4,23
2025-04-11 00:00:00,22.1,94,0.0,2025-04-09 10:48:12,11,4,0
2025-04-11 01:00:00,21.9,95,0.0,2025-04-09 10:48:12,11,4,1
2025-04-11 02:00:00,22.6,92,0.0,2025-04-09 10:48:12,11,4,2
2025-04-11 03:00:00,24.4,83,0.0,2025-04-09 10:48:12,11,4,3
2025-04-11 04:00:00,26.1,76,0.0,2025-04-09 10:48:12,11,4,4
2025-04-11 05:00:00,28.1,69,0.0,2025-04-09 10:48:12,11,4,5
2025-04-11 06:00:00,30.0,62,0.0,2025-04-09 10:48:12,11,4,6
2025-04-11 07:00:00,31.6,56,0.0,2025-04-09 10:48:12,11,4,7
2025-04-11 08:00:00,32.4,52,0.0,2025-04-09 10:48:12,11,4,8
2025-04-11 09:00:00,32.7,51,0.4,2025-04-09 10:48:12,11,4,9
2025-04-11 10:00:00,25.6,78,6.9,2025-04-09 10:48:12,11,4,10
2025-04-11 11:00:00,25.1,73,1.7,2025-04-09 10:48:12,11,4,11
2025-04-11 12:00:00,25.4,73,0.0,2025-04-09 10:48:12,11,4,12
2025-04-11 13:00:00,25.1,73,0.0,2025-04-09 10:48:12,11,4,13
2025-04-11 14:00:00,24.7,75,0.0,2025-04-09 10:48:12,11,4,14
2025-04-11 15:00:00,24.1,78,0.0,2025-04-09 10:48:12,11,4,15
2025-04-11 16:00:00,23.6,81,0.0,2025-04-09 10:48:12,11,4,16
2025-04-11 17:00:00,23.1,84,0.0,2025-04-09 10:48:12,11,4,17
2025-04-11 18:00:00,22.7,86,0.0,2025-04-09 10:48:12,11,4,18
2025-04-11 19:00:00,22.3,87,0.0,2025-04-09 10:48:12,11,4,19
2025-04-11 20:00:00,21.8,89,0.0,2025-04-09 10:48:12,11,4,20
2025-04-11 21:00:00,21.2,91,0.0,2025-04-09 10:48:12,11,4,21
2025-04-11 22:00:00,20.9,92,0.0,2025-04-09 10:48:12,11,4,22
2025-04-11 23:00:00,20.6,93,0.0,2025-04-09 10:48:12,11,4,23
2025-04-12 00:00:00,20.4,92,0.0,2025-04-09 10:48:12,12,4,0
2025-04-12 01:00:00,20.4,91,0.0,2025-04-09 10:48:12,12,4,1
2025-04-12 02:00:00,21.5,85,0.0,2025-04-09 10:48:12,12,4,2
2025-04-12 03:00:00,23.8,74,0.0,2025-04-09 10:48:12,12,4,3
2025-04-12 04:00:00,26.3,65,0.0,2025-04-09 10:48:12,12,4,4
2025-04-12 05:00:00,28.4,59,0.0,2025-04-09 10:48:12,12,4,5
2025-04-12 06:00:00,30.5,54,0.0,2025-04-09 10:48:12,12,4,6
2025-04-12 07:00:00,32.4,48,0.0,2025-04-09 10:48:12,12,4,7
2025-04-12 08:00:00,34.0,42,0.0,2025-04-09 10:48:12,12,4,8
2025-04-12 09:00:00,34.4,40,0.0,2025-04-09 10:48:12,12,4,9
2025-04-12 10:00:00,32.9,45,1.3,2025-04-09 10:48:12,12,4,10
2025-04-12 11:00:00,30.1,54,1.3,2025-04-09 10:48:12,12,4,11
2025-04-12 12:00:00,27.9,62,1.3,2025-04-09 10:48:12,12,4,12
2025-04-12 13:00:00,27.0,67,0.0,2025-04-09 10:48:12,12,4,13
2025-04-12 14:00:00,26.6,70,0.0,2025-04-09 10:48:12,12,4,14
2025-04-12 15:00:00,26.2,73,0.0,2025-04-09 10:48:12,12,4,15
2025-04-12 16:00:00,25.6,75,0.0,2025-04-09 10:48:12,12,4,16
2025-04-12 17:00:00,25.0,77,0.0,2025-04-09 10:48:12,12,4,17
2025-04-12 18:00:00,24.6,77,0.0,2025-04-09 10:48:12,12,4,18
2025-04-12 19:00:00,24.6,75,0.0,2025-04-09 10:48:12,12,4,19
2025-04-12 20:00:00,24.7,73,0.0,2025-04-09 10:48:12,12,4,20
2025-04-12 21:00:00,24.6,72,0.0,2025-04-09 10:48:12,12,4,21
2025-04-12 22:00:00,23.8,75,0.0,2025-04-09 10:48:12,12,4,22
2025-04-12 23:00:00,22.7,81,0.0,2025-04-09 10:48:12,12,4,23
2025-04-13 00:00:00,22.3,83,0.0,2025-04-09 10:48:12,13,4,0
2025-04-13 01:00:00,23.0,80,0.0,2025-04-09 10:48:12,13,4,1
2025-04-13 02:00:00,24.3,74,0.0,2025-04-09 10:48:12,13,4,2
2025-04-13 03:00:00,26.0,67,0.0,2025-04-09 10:48:12,13,4,3
2025-04-13 04:00:00,28.2,59,0.0,2025-04-09 10:48:12,13,4,4
2025-04-13 05:00:00,30.7,50,0.0,2025-04-09 10:48:12,13,4,5
2025-04-13 06:00:00,32.8,43,0.0,2025-04-09 10:48:12,13,4,6
2025-04-13 07:00:00,34.0,38,0.0,2025-04-09 10:48:12,13,4,7
2025-04-13 08:00:00,34.7,34,0.0,2025-04-09 10:48:12,13,4,8
2025-04-13 09:00:00,35.1,32,0.0,2025-04-09 10:48:12,13,4,9
2025-04-13 10:00:00,35.3,30,0.0,2025-04-09 10:48:12,13,4,10
2025-04-13 11:00:00,35.1,30,0.0,2025-04-09 10:48:12,13,4,11
2025-04-13 12:00:00,34.5,31,0.0,2025-04-09 10:48:12,13,4,12
2025-04-13 13:00:00,33.1,36,0.0,2025-04-09 10:48:12,13,4,13
2025-04-13 14:00:00,31.1,44,0.0,2025-04-09 10:48:12,13,4,14
2025-04-13 15:00:00,29.5,49,0.0,2025-04-09 10:48:12,13,4,15
2025-04-13 16:00:00,28.8,51,0.0,2025-04-09 10:48:12,13,4,16
2025-04-13 17:00:00,28.4,50,0.0,2025-04-09 10:48:12,13,4,17
2025-04-13 18:00:00,28.0,50,0.0,2025-04-09 10:48:12,13,4,18
2025-04-13 19:00:00,27.5,51,0.0,2025-04-09 10:48:12,13,4,19
2025-04-13 20:00:00,27.1,52,0.0,2025-04-09 10:48:12,13,4,20
2025-04-13 21:00:00,26.6,53,0.0,2025-04-09 10:48:12,13,4,21
2025-04-13 22:00:00,25.9,55,0.0,2025-04-09 10:48:12,13,4,22
2025-04-13 23:00:00,25.2,57,0.0,2025-04-09 10:48:12,13,4,23
2025-04-14 00:00:00,25.0,58,0.0,2025-04-09 10:48:12,14,4,0
2025-04-14 01:00:00,25.4,58,0.0,2025-04-09 10:48:12,14,4,1
2025-04-14 02:00:00,26.2,58,0.0,2025-04-09 10:48:12,14,4,2
2025-04-14 03:00:00,27.5,55,0.0,2025-04-09 10:48:12,14,4,3
2025-04-14 04:00:00,29.9,49,0.0,2025-04-09 10:48:12,14,4,4
2025-04-14 05:00:00,32.8,40,0.0,2025-04-09 10:48:12,14,4,5
2025-04-14 06:00:00,35.1,34,0.0,2025-04-09 10:48:12,14,4,6
2025-04-14 07:00:00,36.3,31,0.0,2025-04-09 10:48:12,14,4,7
2025-04-14 08:00:00,36.9,30,0.0,2025-04-09 10:48:12,14,4,8
2025-04-14 09:00:00,37.2,29,0.0,2025-04-09 10:48:12,14,4,9
2025-04-14 10:00:00,37.3,29,0.0,2025-04-09 10:48:12,14,4,10
2025-04-14 11:00:00,37.2,29,0.0,2025-04-09 10:48:12,14,4,11
2025-04-14 12:00:00,36.6,31,0.0,2025-04-09 10:48:12,14,4,12
2025-04-14 13:00:00,35.5,35,0.0,2025-04-09 10:48:12,14,4,13
2025-04-14 14:00:00,34.0,41,0.0,2025-04-09 10:48:12,14,4,14
2025-04-14 15:00:00,32.6,46,0.0,2025-04-09 10:48:12,14,4,15
2025-04-14 16:00:00,31.3,50,0.0,2025-04-09 10:48:12,14,4,16
2025-04-14 17:00:00,30.0,54,0.0,2025-04-09 10:48:12,14,4,17
2025-04-14 18:00:00,28.8,58,0.0,2025-04-09 10:48:12,14,4,18
2025-04-14 19:00:00,27.9,61,0.0,2025-04-09 10:48:12,14,4,19
2025-04-14 20:00:00,27.1,63,0.0,2025-04-09 10:48:12,14,4,20
2025-04-14 21:00:00,26.4,65,0.0,2025-04-09 10:48:12,14,4,21
2025-04-14 22:00:00,25.7,67,0.0,2025-04-09 10:48:12,14,4,22
2025-04-14 23:00:00,25.2,68,0.0,2025-04-09 10:48:12,14,4,23
2025-04-15 00:00:00,25.1,68,0.0,2025-04-09 10:48:12,15,4,0
2025-04-15 01:00:00,25.5,66,0.0,2025-04-09 10:48:12,15,4,1
2025-04-15 02:00:00,26.4,63,0.0,2025-04-09 10:48:12,15,4,2
2025-04-15 03:00:00,27.9,59,0.0,2025-04-09 10:48:12,15,4,3
2025-04-15 04:00:00,30.2,52,0.0,2025-04-09 10:48:12,15,4,4
2025-04-15 05:00:00,33.0,44,0.0,2025-04-09 10:48:12,15,4,5
2025-04-15 06:00:00,35.3,38,0.0,2025-04-09 10:48:12,15,4,6
2025-04-15 07:00:00,36.8,34,0.0,2025-04-09 10:48:12,15,4,7
2025-04-15 08:00:00,37.8,32,0.0,2025-04-09 10:48:12,15,4,8
2025-04-15 09:00:00,38.4,30,0.0,2025-04-09 10:48:12,15,4,9
2025-04-15 10:00:00,38.6,29,0.0,2025-04-09 10:48:12,15,4,10
2025-04-15 11:00:00,38.4,29,0.0,2025-04-09 10:48:12,15,4,11
2025-04-15 12:00:00,37.6,31,0.0,2025-04-09 10:48:12,15,4,12
2025-04-15 13:00:00,35.9,37,0.0,2025-04-09 10:48:12,15,4,13
2025-04-15 14:00:00,33.6,44,0.0,2025-04-09 10:48:12,15,4,14
2025-04-15 15:00:00,31.6,51,0.0,2025-04-09 10:48:12,15,4,15
2025-04-15 16:00:00,30.3,56,0.0,2025-04-09 10:48:12,15,4,16
2025-04-15 17:00:00,29.3,60,0.0,2025-04-09 10:48:12,15,4,17
2025-04-15 18:00:00,28.5,63,0.0,2025-04-09 10:48:12,15,4,18
2025-04-15 19:00:00,27.8,65,0.0,2025-04-09 10:48:12,15,4,19
2025-04-15 20:00:00,27.4,66,0.0,2025-04-09 10:48:12,15,4,20
2025-04-15 21:00:00,27.0,67,0.0,2025-04-09 10:48:12,15,4,21
2025-04-15 22:00:00,26.4,69,0.0,2025-04-09 10:48:12,15,4,22
2025-04-15 23:00:00,25.8,70,0.0,2025-04-09 10:48:12,15,4,23
