time,temperature_2m,relativehumidity_2m,precipitation,fetch_time
2025-03-10T00:00,17.3,76,0.0,2025-04-09 10:23:16
2025-03-10T01:00,16.8,79,0.0,2025-04-09 10:23:16
2025-03-10T02:00,17.0,80,0.0,2025-04-09 10:23:16
2025-03-10T03:00,19.0,75,0.0,2025-04-09 10:23:16
2025-03-10T04:00,21.5,67,0.0,2025-04-09 10:23:16
2025-03-10T05:00,24.2,59,0.0,2025-04-09 10:23:16
2025-03-10T06:00,26.8,51,0.0,2025-04-09 10:23:16
2025-03-10T07:00,28.7,43,0.0,2025-04-09 10:23:16
2025-03-10T08:00,30.0,37,0.0,2025-04-09 10:23:16
2025-03-10T09:00,30.6,35,0.0,2025-04-09 10:23:16
2025-03-10T10:00,30.5,35,0.0,2025-04-09 10:23:16
2025-03-10T11:00,30.1,35,0.0,2025-04-09 10:23:16
2025-03-10T12:00,29.3,41,0.0,2025-04-09 10:23:16
2025-03-10T13:00,27.4,51,0.0,2025-04-09 10:23:16
2025-03-10T14:00,25.6,57,0.0,2025-04-09 10:23:16
2025-03-10T15:00,24.3,61,0.0,2025-04-09 10:23:16
2025-03-10T16:00,23.3,64,0.0,2025-04-09 10:23:16
2025-03-10T17:00,22.5,66,0.0,2025-04-09 10:23:16
2025-03-10T18:00,21.8,74,0.0,2025-04-09 10:23:16
2025-03-10T19:00,21.2,74,0.0,2025-04-09 10:23:16
2025-03-10T20:00,20.8,75,0.0,2025-04-09 10:23:16
2025-03-10T21:00,20.3,77,0.0,2025-04-09 10:23:16
2025-03-10T22:00,19.7,79,0.0,2025-04-09 10:23:16
2025-03-10T23:00,19.5,79,0.0,2025-04-09 10:23:16
2025-03-11T00:00,18.5,84,0.0,2025-04-09 10:23:16
2025-03-11T01:00,18.2,84,0.0,2025-04-09 10:23:16
2025-03-11T02:00,18.4,84,0.0,2025-04-09 10:23:16
2025-03-11T03:00,20.0,79,0.0,2025-04-09 10:23:16
2025-03-11T04:00,22.5,71,0.0,2025-04-09 10:23:16
2025-03-11T05:00,25.5,59,0.0,2025-04-09 10:23:16
2025-03-11T06:00,29.3,46,0.0,2025-04-09 10:23:16
2025-03-11T07:00,30.9,39,0.0,2025-04-09 10:23:16
2025-03-11T08:00,31.5,36,0.0,2025-04-09 10:23:16
2025-03-11T09:00,31.4,36,0.0,2025-04-09 10:23:16
2025-03-11T10:00,32.0,36,0.0,2025-04-09 10:23:16
2025-03-11T11:00,31.7,36,0.0,2025-04-09 10:23:16
2025-03-11T12:00,31.0,42,0.0,2025-04-09 10:23:16
2025-03-11T13:00,29.1,51,0.0,2025-04-09 10:23:16
2025-03-11T14:00,27.9,56,0.0,2025-04-09 10:23:16
2025-03-11T15:00,26.1,63,0.0,2025-04-09 10:23:16
2025-03-11T16:00,24.6,69,0.0,2025-04-09 10:23:16
2025-03-11T17:00,23.5,68,0.0,2025-04-09 10:23:16
2025-03-11T18:00,21.7,79,0.0,2025-04-09 10:23:16
2025-03-11T19:00,21.0,79,0.0,2025-04-09 10:23:16
2025-03-11T20:00,20.3,80,0.0,2025-04-09 10:23:16
2025-03-11T21:00,19.6,82,0.0,2025-04-09 10:23:16
2025-03-11T22:00,19.0,83,0.0,2025-04-09 10:23:16
2025-03-11T23:00,18.4,83,0.0,2025-04-09 10:23:16
2025-03-12T00:00,18.1,89,0.0,2025-04-09 10:23:16
2025-03-12T01:00,17.7,89,0.0,2025-04-09 10:23:16
2025-03-12T02:00,17.9,87,0.0,2025-04-09 10:23:16
2025-03-12T03:00,20.1,77,0.0,2025-04-09 10:23:16
2025-03-12T04:00,23.0,64,0.0,2025-04-09 10:23:16
2025-03-12T05:00,25.8,56,0.0,2025-04-09 10:23:16
2025-03-12T06:00,28.9,45,0.0,2025-04-09 10:23:16
2025-03-12T07:00,30.5,37,0.0,2025-04-09 10:23:16
2025-03-12T08:00,31.2,34,0.0,2025-04-09 10:23:16
2025-03-12T09:00,31.6,34,0.0,2025-04-09 10:23:16
2025-03-12T10:00,31.5,32,0.0,2025-04-09 10:23:16
2025-03-12T11:00,30.8,34,0.0,2025-04-09 10:23:16
2025-03-12T12:00,29.8,42,0.0,2025-04-09 10:23:16
2025-03-12T13:00,27.2,54,0.0,2025-04-09 10:23:16
2025-03-12T14:00,25.7,59,0.0,2025-04-09 10:23:16
2025-03-12T15:00,24.3,64,0.0,2025-04-09 10:23:16
2025-03-12T16:00,23.3,67,0.0,2025-04-09 10:23:16
2025-03-12T17:00,22.7,70,0.0,2025-04-09 10:23:16
2025-03-12T18:00,22.2,74,0.0,2025-04-09 10:23:16
2025-03-12T19:00,21.6,75,0.0,2025-04-09 10:23:16
2025-03-12T20:00,21.0,77,0.0,2025-04-09 10:23:16
2025-03-12T21:00,20.4,79,0.0,2025-04-09 10:23:16
2025-03-12T22:00,19.9,80,0.0,2025-04-09 10:23:16
2025-03-12T23:00,19.6,81,0.0,2025-04-09 10:23:16
2025-03-13T00:00,19.9,83,0.0,2025-04-09 10:23:16
2025-03-13T01:00,19.5,84,0.0,2025-04-09 10:23:16
2025-03-13T02:00,19.5,85,0.0,2025-04-09 10:23:16
2025-03-13T03:00,21.4,78,0.0,2025-04-09 10:23:16
2025-03-13T04:00,23.9,67,0.0,2025-04-09 10:23:16
2025-03-13T05:00,26.4,58,0.0,2025-04-09 10:23:16
2025-03-13T06:00,28.6,52,0.0,2025-04-09 10:23:16
2025-03-13T07:00,29.9,46,0.0,2025-04-09 10:23:16
2025-03-13T08:00,30.8,42,0.0,2025-04-09 10:23:16
2025-03-13T09:00,31.2,39,0.0,2025-04-09 10:23:16
2025-03-13T10:00,30.9,38,0.0,2025-04-09 10:23:16
2025-03-13T11:00,23.5,75,1.2,2025-04-09 10:23:16
2025-03-13T12:00,30.7,40,0.0,2025-04-09 10:23:16
2025-03-13T13:00,28.5,49,0.0,2025-04-09 10:23:16
2025-03-13T14:00,27.1,56,0.0,2025-04-09 10:23:16
2025-03-13T15:00,23.5,73,0.9,2025-04-09 10:23:16
2025-03-13T16:00,23.5,73,0.0,2025-04-09 10:23:16
2025-03-13T17:00,23.5,72,0.0,2025-04-09 10:23:16
2025-03-13T18:00,24.1,68,0.0,2025-04-09 10:23:16
2025-03-13T19:00,23.3,70,0.0,2025-04-09 10:23:16
2025-03-13T20:00,22.6,68,0.0,2025-04-09 10:23:16
2025-03-13T21:00,22.1,63,0.0,2025-04-09 10:23:16
2025-03-13T22:00,21.7,63,0.0,2025-04-09 10:23:16
2025-03-13T23:00,21.1,65,0.0,2025-04-09 10:23:16
2025-03-14T00:00,20.4,75,0.0,2025-04-09 10:23:16
2025-03-14T01:00,20.2,74,0.0,2025-04-09 10:23:16
2025-03-14T02:00,20.2,74,0.0,2025-04-09 10:23:16
2025-03-14T03:00,21.8,68,0.0,2025-04-09 10:23:16
2025-03-14T04:00,24.8,58,0.0,2025-04-09 10:23:16
2025-03-14T05:00,27.8,48,0.0,2025-04-09 10:23:16
2025-03-14T06:00,31.0,39,0.0,2025-04-09 10:23:16
2025-03-14T07:00,32.5,35,0.0,2025-04-09 10:23:16
2025-03-14T08:00,33.6,24,0.0,2025-04-09 10:23:16
2025-03-14T09:00,33.4,22,0.0,2025-04-09 10:23:16
2025-03-14T10:00,33.2,23,0.0,2025-04-09 10:23:16
2025-03-14T11:00,32.1,24,0.0,2025-04-09 10:23:16
2025-03-14T12:00,30.9,36,0.0,2025-04-09 10:23:16
2025-03-14T13:00,29.1,43,0.0,2025-04-09 10:23:16
2025-03-14T14:00,26.7,53,0.1,2025-04-09 10:23:16
2025-03-14T15:00,25.3,59,0.1,2025-04-09 10:23:16
2025-03-14T16:00,25.1,58,0.0,2025-04-09 10:23:16
2025-03-14T17:00,23.2,65,0.1,2025-04-09 10:23:16
2025-03-14T18:00,22.7,66,0.1,2025-04-09 10:23:16
2025-03-14T19:00,21.8,69,0.0,2025-04-09 10:23:16
2025-03-14T20:00,21.2,70,0.2,2025-04-09 10:23:16
2025-03-14T21:00,20.5,72,0.0,2025-04-09 10:23:16
2025-03-14T22:00,19.4,79,1.1,2025-04-09 10:23:16
2025-03-14T23:00,19.3,77,0.5,2025-04-09 10:23:16
2025-03-15T00:00,19.2,67,0.9,2025-04-09 10:23:16
2025-03-15T01:00,18.9,67,0.0,2025-04-09 10:23:16
2025-03-15T02:00,19.2,64,0.0,2025-04-09 10:23:16
2025-03-15T03:00,20.5,61,0.0,2025-04-09 10:23:16
2025-03-15T04:00,22.7,56,0.0,2025-04-09 10:23:16
2025-03-15T05:00,24.9,49,0.0,2025-04-09 10:23:16
2025-03-15T06:00,27.6,44,0.0,2025-04-09 10:23:16
2025-03-15T07:00,29.3,39,0.0,2025-04-09 10:23:16
2025-03-15T08:00,30.8,35,0.0,2025-04-09 10:23:16
2025-03-15T09:00,31.4,32,0.0,2025-04-09 10:23:16
2025-03-15T10:00,31.5,32,0.0,2025-04-09 10:23:16
2025-03-15T11:00,31.6,30,0.0,2025-04-09 10:23:16
2025-03-15T12:00,30.0,40,0.0,2025-04-09 10:23:16
2025-03-15T13:00,28.5,49,0.0,2025-04-09 10:23:16
2025-03-15T14:00,25.8,60,0.0,2025-04-09 10:23:16
2025-03-15T15:00,23.8,69,0.0,2025-04-09 10:23:16
2025-03-15T16:00,23.0,74,0.0,2025-04-09 10:23:16
2025-03-15T17:00,22.1,75,0.0,2025-04-09 10:23:16
2025-03-15T18:00,21.4,76,0.0,2025-04-09 10:23:16
2025-03-15T19:00,20.7,75,0.0,2025-04-09 10:23:16
2025-03-15T20:00,20.1,74,0.0,2025-04-09 10:23:16
2025-03-15T21:00,19.5,74,0.0,2025-04-09 10:23:16
2025-03-15T22:00,19.1,76,0.0,2025-04-09 10:23:16
2025-03-15T23:00,18.7,79,0.1,2025-04-09 10:23:16
2025-03-16T00:00,18.4,79,0.0,2025-04-09 10:23:16
2025-03-16T01:00,18.2,80,0.0,2025-04-09 10:23:16
2025-03-16T02:00,18.3,78,0.0,2025-04-09 10:23:16
2025-03-16T03:00,19.4,72,0.0,2025-04-09 10:23:16
2025-03-16T04:00,21.3,66,0.0,2025-04-09 10:23:16
2025-03-16T05:00,23.4,59,0.0,2025-04-09 10:23:16
2025-03-16T06:00,27.3,46,0.0,2025-04-09 10:23:16
2025-03-16T07:00,28.5,44,0.0,2025-04-09 10:23:16
2025-03-16T08:00,29.7,39,0.0,2025-04-09 10:23:16
2025-03-16T09:00,30.3,32,0.0,2025-04-09 10:23:16
2025-03-16T10:00,30.4,27,0.0,2025-04-09 10:23:16
2025-03-16T11:00,30.1,23,0.0,2025-04-09 10:23:16
2025-03-16T12:00,27.8,32,0.0,2025-04-09 10:23:16
2025-03-16T13:00,25.5,45,0.0,2025-04-09 10:23:16
2025-03-16T14:00,23.4,55,0.0,2025-04-09 10:23:16
2025-03-16T15:00,22.1,57,0.0,2025-04-09 10:23:16
2025-03-16T16:00,20.9,60,0.0,2025-04-09 10:23:16
2025-03-16T17:00,20.0,63,0.0,2025-04-09 10:23:16
2025-03-16T18:00,20.2,63,0.0,2025-04-09 10:23:16
2025-03-16T19:00,19.6,64,0.0,2025-04-09 10:23:16
2025-03-16T20:00,19.0,68,0.0,2025-04-09 10:23:16
2025-03-16T21:00,18.4,70,0.0,2025-04-09 10:23:16
2025-03-16T22:00,18.0,70,0.0,2025-04-09 10:23:16
2025-03-16T23:00,17.8,69,0.0,2025-04-09 10:23:16
2025-03-17T00:00,17.9,75,0.0,2025-04-09 10:23:16
2025-03-17T01:00,17.5,77,0.0,2025-04-09 10:23:16
2025-03-17T02:00,17.5,79,0.0,2025-04-09 10:23:16
2025-03-17T03:00,19.3,72,0.0,2025-04-09 10:23:16
2025-03-17T04:00,21.9,62,0.0,2025-04-09 10:23:16
2025-03-17T05:00,24.3,55,0.0,2025-04-09 10:23:16
2025-03-17T06:00,26.1,46,0.0,2025-04-09 10:23:16
2025-03-17T07:00,27.1,40,0.0,2025-04-09 10:23:16
2025-03-17T08:00,27.8,36,0.0,2025-04-09 10:23:16
2025-03-17T09:00,28.0,33,0.0,2025-04-09 10:23:16
2025-03-17T10:00,27.7,32,0.0,2025-04-09 10:23:16
2025-03-17T11:00,27.2,34,0.0,2025-04-09 10:23:16
2025-03-17T12:00,26.6,40,0.0,2025-04-09 10:23:16
2025-03-17T13:00,24.4,53,0.0,2025-04-09 10:23:16
2025-03-17T14:00,23.0,59,0.0,2025-04-09 10:23:16
2025-03-17T15:00,21.8,63,0.0,2025-04-09 10:23:16
2025-03-17T16:00,20.8,66,0.0,2025-04-09 10:23:16
2025-03-17T17:00,19.9,68,0.0,2025-04-09 10:23:16
2025-03-17T18:00,19.8,71,0.0,2025-04-09 10:23:16
2025-03-17T19:00,19.2,71,0.0,2025-04-09 10:23:16
2025-03-17T20:00,18.7,73,0.0,2025-04-09 10:23:16
2025-03-17T21:00,18.2,74,0.0,2025-04-09 10:23:16
2025-03-17T22:00,17.8,75,0.0,2025-04-09 10:23:16
2025-03-17T23:00,17.4,75,0.0,2025-04-09 10:23:16
2025-03-18T00:00,17.2,80,0.0,2025-04-09 10:23:16
2025-03-18T01:00,16.7,81,0.0,2025-04-09 10:23:16
2025-03-18T02:00,17.1,81,0.0,2025-04-09 10:23:16
2025-03-18T03:00,19.2,73,0.0,2025-04-09 10:23:16
2025-03-18T04:00,21.9,64,0.0,2025-04-09 10:23:16
2025-03-18T05:00,24.4,57,0.0,2025-04-09 10:23:16
2025-03-18T06:00,26.3,45,0.0,2025-04-09 10:23:16
2025-03-18T07:00,27.4,36,0.0,2025-04-09 10:23:16
2025-03-18T08:00,28.0,33,0.0,2025-04-09 10:23:16
2025-03-18T09:00,28.2,33,0.0,2025-04-09 10:23:16
2025-03-18T10:00,28.1,33,0.0,2025-04-09 10:23:16
2025-03-18T11:00,27.7,34,0.0,2025-04-09 10:23:16
2025-03-18T12:00,27.6,37,0.0,2025-04-09 10:23:16
2025-03-18T13:00,25.3,49,0.0,2025-04-09 10:23:16
2025-03-18T14:00,23.7,55,0.0,2025-04-09 10:23:16
2025-03-18T15:00,22.2,61,0.0,2025-04-09 10:23:16
2025-03-18T16:00,21.2,64,0.0,2025-04-09 10:23:16
2025-03-18T17:00,20.5,64,0.0,2025-04-09 10:23:16
2025-03-18T18:00,20.5,65,0.0,2025-04-09 10:23:16
2025-03-18T19:00,20.0,65,0.0,2025-04-09 10:23:16
2025-03-18T20:00,19.4,67,0.0,2025-04-09 10:23:16
2025-03-18T21:00,18.9,67,0.0,2025-04-09 10:23:16
2025-03-18T22:00,18.5,66,0.0,2025-04-09 10:23:16
2025-03-18T23:00,18.4,65,0.0,2025-04-09 10:23:16
2025-03-19T00:00,17.7,73,0.0,2025-04-09 10:23:16
2025-03-19T01:00,17.2,74,0.0,2025-04-09 10:23:16
2025-03-19T02:00,17.5,74,0.0,2025-04-09 10:23:16
2025-03-19T03:00,19.8,67,0.0,2025-04-09 10:23:16
2025-03-19T04:00,22.7,60,0.0,2025-04-09 10:23:16
2025-03-19T05:00,25.5,53,0.0,2025-04-09 10:23:16
2025-03-19T06:00,28.0,43,0.0,2025-04-09 10:23:16
2025-03-19T07:00,29.4,37,0.0,2025-04-09 10:23:16
2025-03-19T08:00,30.2,35,0.0,2025-04-09 10:23:16
2025-03-19T09:00,30.7,34,0.0,2025-04-09 10:23:16
2025-03-19T10:00,30.7,34,0.0,2025-04-09 10:23:16
2025-03-19T11:00,30.3,33,0.0,2025-04-09 10:23:16
2025-03-19T12:00,30.0,31,0.0,2025-04-09 10:23:16
2025-03-19T13:00,28.0,41,0.0,2025-04-09 10:23:16
2025-03-19T14:00,26.5,45,0.0,2025-04-09 10:23:16
2025-03-19T15:00,25.0,50,0.0,2025-04-09 10:23:16
2025-03-19T16:00,24.0,51,0.0,2025-04-09 10:23:16
2025-03-19T17:00,23.1,49,0.0,2025-04-09 10:23:16
2025-03-19T18:00,20.6,65,0.0,2025-04-09 10:23:16
2025-03-19T19:00,19.1,73,0.0,2025-04-09 10:23:16
2025-03-19T20:00,18.4,78,0.0,2025-04-09 10:23:16
2025-03-19T21:00,18.1,78,0.0,2025-04-09 10:23:16
2025-03-19T22:00,17.8,77,0.0,2025-04-09 10:23:16
2025-03-19T23:00,17.5,77,0.0,2025-04-09 10:23:16
2025-03-20T00:00,17.1,80,0.0,2025-04-09 10:23:16
2025-03-20T01:00,16.9,80,0.0,2025-04-09 10:23:16
2025-03-20T02:00,17.5,78,0.0,2025-04-09 10:23:16
2025-03-20T03:00,20.1,72,0.0,2025-04-09 10:23:16
2025-03-20T04:00,23.3,64,0.0,2025-04-09 10:23:16
2025-03-20T05:00,26.3,57,0.0,2025-04-09 10:23:16
2025-03-20T06:00,29.6,38,0.0,2025-04-09 10:23:16
2025-03-20T07:00,30.9,32,0.0,2025-04-09 10:23:16
2025-03-20T08:00,31.8,26,0.0,2025-04-09 10:23:16
2025-03-20T09:00,32.0,23,0.0,2025-04-09 10:23:16
2025-03-20T10:00,31.7,24,0.0,2025-04-09 10:23:16
2025-03-20T11:00,30.9,25,0.0,2025-04-09 10:23:16
2025-03-20T12:00,29.7,30,0.0,2025-04-09 10:23:16
2025-03-20T13:00,27.0,42,0.0,2025-04-09 10:23:16
2025-03-20T14:00,25.1,45,0.0,2025-04-09 10:23:16
2025-03-20T15:00,24.3,44,0.0,2025-04-09 10:23:16
2025-03-20T16:00,23.9,40,0.0,2025-04-09 10:23:16
2025-03-20T17:00,23.4,40,0.0,2025-04-09 10:23:16
2025-03-20T18:00,22.8,47,0.0,2025-04-09 10:23:16
2025-03-20T19:00,20.0,61,0.0,2025-04-09 10:23:16
2025-03-20T20:00,19.2,66,0.0,2025-04-09 10:23:16
2025-03-20T21:00,18.6,69,0.0,2025-04-09 10:23:16
2025-03-20T22:00,18.1,71,0.0,2025-04-09 10:23:16
2025-03-20T23:00,17.7,72,0.0,2025-04-09 10:23:16
2025-03-21T00:00,17.4,77,0.0,2025-04-09 10:23:16
2025-03-21T01:00,17.0,79,0.0,2025-04-09 10:23:16
2025-03-21T02:00,17.5,79,0.0,2025-04-09 10:23:16
2025-03-21T03:00,20.1,69,0.0,2025-04-09 10:23:16
2025-03-21T04:00,23.1,58,0.0,2025-04-09 10:23:16
2025-03-21T05:00,25.9,50,0.0,2025-04-09 10:23:16
2025-03-21T06:00,28.5,43,0.0,2025-04-09 10:23:16
2025-03-21T07:00,30.4,34,0.0,2025-04-09 10:23:16
2025-03-21T08:00,31.6,23,0.0,2025-04-09 10:23:16
2025-03-21T09:00,31.7,19,0.0,2025-04-09 10:23:16
2025-03-21T10:00,31.3,19,0.0,2025-04-09 10:23:16
2025-03-21T11:00,30.4,22,0.0,2025-04-09 10:23:16
2025-03-21T12:00,29.0,30,0.0,2025-04-09 10:23:16
2025-03-21T13:00,26.3,41,0.0,2025-04-09 10:23:16
2025-03-21T14:00,24.6,47,0.0,2025-04-09 10:23:16
2025-03-21T15:00,23.2,51,0.0,2025-04-09 10:23:16
2025-03-21T16:00,22.0,54,0.0,2025-04-09 10:23:16
2025-03-21T17:00,21.4,54,0.0,2025-04-09 10:23:16
2025-03-21T18:00,21.2,56,0.0,2025-04-09 10:23:16
2025-03-21T19:00,20.9,55,0.0,2025-04-09 10:23:16
2025-03-21T20:00,20.0,57,0.0,2025-04-09 10:23:16
2025-03-21T21:00,19.2,60,0.0,2025-04-09 10:23:16
2025-03-21T22:00,18.9,61,0.0,2025-04-09 10:23:16
2025-03-21T23:00,18.8,61,0.0,2025-04-09 10:23:16
2025-03-22T00:00,18.5,68,0.0,2025-04-09 10:23:16
2025-03-22T01:00,18.1,69,0.0,2025-04-09 10:23:16
2025-03-22T02:00,18.0,75,0.0,2025-04-09 10:23:16
2025-03-22T03:00,20.4,68,0.0,2025-04-09 10:23:16
2025-03-22T04:00,23.5,60,0.0,2025-04-09 10:23:16
2025-03-22T05:00,26.0,52,0.0,2025-04-09 10:23:16
2025-03-22T06:00,28.6,39,0.0,2025-04-09 10:23:16
2025-03-22T07:00,28.5,38,0.3,2025-04-09 10:23:16
2025-03-22T08:00,29.5,34,0.0,2025-04-09 10:23:16
2025-03-22T09:00,29.6,32,0.0,2025-04-09 10:23:16
2025-03-22T10:00,29.4,31,0.0,2025-04-09 10:23:16
2025-03-22T11:00,29.0,31,0.0,2025-04-09 10:23:16
2025-03-22T12:00,29.2,30,0.0,2025-04-09 10:23:16
2025-03-22T13:00,27.0,41,0.0,2025-04-09 10:23:16
2025-03-22T14:00,25.6,45,0.0,2025-04-09 10:23:16
2025-03-22T15:00,24.8,47,0.0,2025-04-09 10:23:16
2025-03-22T16:00,23.6,50,0.0,2025-04-09 10:23:16
2025-03-22T17:00,22.7,53,0.0,2025-04-09 10:23:16
2025-03-22T18:00,21.7,55,0.0,2025-04-09 10:23:16
2025-03-22T19:00,20.9,56,0.0,2025-04-09 10:23:16
2025-03-22T20:00,20.1,58,0.0,2025-04-09 10:23:16
2025-03-22T21:00,19.4,60,0.0,2025-04-09 10:23:16
2025-03-22T22:00,18.7,62,0.0,2025-04-09 10:23:16
2025-03-22T23:00,18.4,61,0.0,2025-04-09 10:23:16
2025-03-23T00:00,17.3,70,0.0,2025-04-09 10:23:16
2025-03-23T01:00,17.1,69,0.0,2025-04-09 10:23:16
2025-03-23T02:00,17.5,69,0.0,2025-04-09 10:23:16
2025-03-23T03:00,20.6,62,0.0,2025-04-09 10:23:16
2025-03-23T04:00,24.0,55,0.0,2025-04-09 10:23:16
2025-03-23T05:00,26.7,47,0.0,2025-04-09 10:23:16
2025-03-23T06:00,29.5,31,0.0,2025-04-09 10:23:16
2025-03-23T07:00,30.6,28,0.0,2025-04-09 10:23:16
2025-03-23T08:00,31.3,27,0.0,2025-04-09 10:23:16
2025-03-23T09:00,31.6,27,0.0,2025-04-09 10:23:16
2025-03-23T10:00,31.4,28,0.0,2025-04-09 10:23:16
2025-03-23T11:00,30.8,29,0.0,2025-04-09 10:23:16
2025-03-23T12:00,30.4,33,0.0,2025-04-09 10:23:16
2025-03-23T13:00,27.9,44,0.0,2025-04-09 10:23:16
2025-03-23T14:00,26.3,46,0.0,2025-04-09 10:23:16
2025-03-23T15:00,25.0,48,0.0,2025-04-09 10:23:16
2025-03-23T16:00,24.3,46,0.0,2025-04-09 10:23:16
2025-03-23T17:00,23.3,47,0.0,2025-04-09 10:23:16
2025-03-23T18:00,21.2,59,0.0,2025-04-09 10:23:16
2025-03-23T19:00,20.3,62,0.0,2025-04-09 10:23:16
2025-03-23T20:00,19.4,66,0.0,2025-04-09 10:23:16
2025-03-23T21:00,18.8,68,0.0,2025-04-09 10:23:16
2025-03-23T22:00,18.3,70,0.0,2025-04-09 10:23:16
2025-03-23T23:00,17.7,72,0.0,2025-04-09 10:23:16
2025-03-24T00:00,17.3,79,0.0,2025-04-09 10:23:16
2025-03-24T01:00,17.3,78,0.0,2025-04-09 10:23:16
2025-03-24T02:00,18.6,73,0.0,2025-04-09 10:23:16
2025-03-24T03:00,22.2,64,0.0,2025-04-09 10:23:16
2025-03-24T04:00,25.7,52,0.0,2025-04-09 10:23:16
2025-03-24T05:00,28.3,44,0.0,2025-04-09 10:23:16
2025-03-24T06:00,31.1,31,0.0,2025-04-09 10:23:16
2025-03-24T07:00,32.3,28,0.0,2025-04-09 10:23:16
2025-03-24T08:00,33.2,25,0.0,2025-04-09 10:23:16
2025-03-24T09:00,33.6,23,0.0,2025-04-09 10:23:16
2025-03-24T10:00,33.6,23,0.0,2025-04-09 10:23:16
2025-03-24T11:00,33.3,22,0.0,2025-04-09 10:23:16
2025-03-24T12:00,32.8,24,0.0,2025-04-09 10:23:16
2025-03-24T13:00,31.3,29,0.0,2025-04-09 10:23:16
2025-03-24T14:00,29.7,31,0.0,2025-04-09 10:23:16
2025-03-24T15:00,27.9,35,0.0,2025-04-09 10:23:16
2025-03-24T16:00,26.7,39,0.0,2025-04-09 10:23:16
2025-03-24T17:00,24.9,44,0.0,2025-04-09 10:23:16
2025-03-24T18:00,22.6,58,0.0,2025-04-09 10:23:16
2025-03-24T19:00,21.7,59,0.0,2025-04-09 10:23:16
2025-03-24T20:00,21.1,61,0.0,2025-04-09 10:23:16
2025-03-24T21:00,20.6,62,0.0,2025-04-09 10:23:16
2025-03-24T22:00,19.9,65,0.0,2025-04-09 10:23:16
2025-03-24T23:00,19.3,68,0.0,2025-04-09 10:23:16
2025-03-25T00:00,18.7,72,0.0,2025-04-09 10:23:16
2025-03-25T01:00,18.7,71,0.0,2025-04-09 10:23:16
2025-03-25T02:00,19.8,67,0.0,2025-04-09 10:23:16
2025-03-25T03:00,22.4,59,0.0,2025-04-09 10:23:16
2025-03-25T04:00,25.9,51,0.0,2025-04-09 10:23:16
2025-03-25T05:00,28.9,45,0.0,2025-04-09 10:23:16
2025-03-25T06:00,32.6,29,0.0,2025-04-09 10:23:16
2025-03-25T07:00,34.1,26,0.0,2025-04-09 10:23:16
2025-03-25T08:00,35.2,21,0.0,2025-04-09 10:23:16
2025-03-25T09:00,35.8,19,0.0,2025-04-09 10:23:16
2025-03-25T10:00,35.8,19,0.0,2025-04-09 10:23:16
2025-03-25T11:00,35.6,19,0.0,2025-04-09 10:23:16
2025-03-25T12:00,33.9,25,0.0,2025-04-09 10:23:16
2025-03-25T13:00,31.1,35,0.0,2025-04-09 10:23:16
2025-03-25T14:00,28.7,42,0.0,2025-04-09 10:23:16
2025-03-25T15:00,27.1,46,0.0,2025-04-09 10:23:16
2025-03-25T16:00,26.0,48,0.0,2025-04-09 10:23:16
2025-03-25T17:00,25.1,50,0.0,2025-04-09 10:23:16
2025-03-25T18:00,23.5,59,0.0,2025-04-09 10:23:16
2025-03-25T19:00,22.3,64,0.0,2025-04-09 10:23:16
2025-03-25T20:00,21.7,66,0.0,2025-04-09 10:23:16
2025-03-25T21:00,20.9,68,0.0,2025-04-09 10:23:16
2025-03-25T22:00,20.3,70,0.0,2025-04-09 10:23:16
2025-03-25T23:00,19.5,72,0.0,2025-04-09 10:23:16
2025-03-26T00:00,19.3,77,0.0,2025-04-09 10:23:16
2025-03-26T01:00,19.1,77,0.0,2025-04-09 10:23:16
2025-03-26T02:00,20.1,74,0.0,2025-04-09 10:23:16
2025-03-26T03:00,23.5,63,0.0,2025-04-09 10:23:16
2025-03-26T04:00,27.4,53,0.0,2025-04-09 10:23:16
2025-03-26T05:00,30.9,42,0.0,2025-04-09 10:23:16
2025-03-26T06:00,35.9,19,0.0,2025-04-09 10:23:16
2025-03-26T07:00,37.1,16,0.0,2025-04-09 10:23:16
2025-03-26T08:00,37.8,15,0.0,2025-04-09 10:23:16
2025-03-26T09:00,37.9,14,0.0,2025-04-09 10:23:16
2025-03-26T10:00,37.6,14,0.0,2025-04-09 10:23:16
2025-03-26T11:00,37.0,15,0.0,2025-04-09 10:23:16
2025-03-26T12:00,35.8,19,0.0,2025-04-09 10:23:16
2025-03-26T13:00,34.4,23,0.0,2025-04-09 10:23:16
2025-03-26T14:00,32.9,24,0.0,2025-04-09 10:23:16
2025-03-26T15:00,31.6,26,0.0,2025-04-09 10:23:16
2025-03-26T16:00,28.8,34,0.0,2025-04-09 10:23:16
2025-03-26T17:00,26.4,44,0.0,2025-04-09 10:23:16
2025-03-26T18:00,24.9,57,0.0,2025-04-09 10:23:16
2025-03-26T19:00,24.3,58,0.0,2025-04-09 10:23:16
2025-03-26T20:00,23.6,58,0.0,2025-04-09 10:23:16
2025-03-26T21:00,23.5,56,0.0,2025-04-09 10:23:16
2025-03-26T22:00,23.0,56,0.0,2025-04-09 10:23:16
2025-03-26T23:00,22.7,56,0.0,2025-04-09 10:23:16
2025-03-27T00:00,22.3,60,0.0,2025-04-09 10:23:16
2025-03-27T01:00,22.4,57,0.0,2025-04-09 10:23:16
2025-03-27T02:00,23.3,55,0.0,2025-04-09 10:23:16
2025-03-27T03:00,26.3,50,0.0,2025-04-09 10:23:16
2025-03-27T04:00,29.3,43,0.0,2025-04-09 10:23:16
2025-03-27T05:00,31.5,34,0.0,2025-04-09 10:23:16
2025-03-27T06:00,33.8,28,0.0,2025-04-09 10:23:16
2025-03-27T07:00,35.2,25,0.0,2025-04-09 10:23:16
2025-03-27T08:00,36.1,22,0.0,2025-04-09 10:23:16
2025-03-27T09:00,36.6,18,0.0,2025-04-09 10:23:16
2025-03-27T10:00,36.4,17,0.0,2025-04-09 10:23:16
2025-03-27T11:00,35.9,17,0.0,2025-04-09 10:23:16
2025-03-27T12:00,34.5,21,0.0,2025-04-09 10:23:16
2025-03-27T13:00,32.6,29,0.0,2025-04-09 10:23:16
2025-03-27T14:00,31.4,32,0.0,2025-04-09 10:23:16
2025-03-27T15:00,30.4,31,0.0,2025-04-09 10:23:16
2025-03-27T16:00,29.3,34,0.0,2025-04-09 10:23:16
2025-03-27T17:00,28.3,38,0.0,2025-04-09 10:23:16
2025-03-27T18:00,25.9,50,0.0,2025-04-09 10:23:16
2025-03-27T19:00,25.1,52,0.0,2025-04-09 10:23:16
2025-03-27T20:00,24.6,55,0.0,2025-04-09 10:23:16
2025-03-27T21:00,22.8,62,0.0,2025-04-09 10:23:16
2025-03-27T22:00,21.1,66,0.0,2025-04-09 10:23:16
2025-03-27T23:00,20.3,66,0.0,2025-04-09 10:23:16
2025-03-28T00:00,20.7,54,0.0,2025-04-09 10:23:16
2025-03-28T01:00,19.7,57,0.0,2025-04-09 10:23:16
2025-03-28T02:00,20.2,54,0.0,2025-04-09 10:23:16
2025-03-28T03:00,22.6,45,0.0,2025-04-09 10:23:16
2025-03-28T04:00,25.3,39,0.0,2025-04-09 10:23:16
2025-03-28T05:00,27.8,34,0.0,2025-04-09 10:23:16
2025-03-28T06:00,29.1,28,0.0,2025-04-09 10:23:16
2025-03-28T07:00,30.4,23,0.0,2025-04-09 10:23:16
2025-03-28T08:00,31.1,18,0.0,2025-04-09 10:23:16
2025-03-28T09:00,31.3,17,0.0,2025-04-09 10:23:16
2025-03-28T10:00,31.1,16,0.0,2025-04-09 10:23:16
2025-03-28T11:00,30.4,15,0.0,2025-04-09 10:23:16
2025-03-28T12:00,29.5,18,0.0,2025-04-09 10:23:16
2025-03-28T13:00,27.5,24,0.0,2025-04-09 10:23:16
2025-03-28T14:00,25.2,32,0.0,2025-04-09 10:23:16
2025-03-28T15:00,23.2,35,0.0,2025-04-09 10:23:16
2025-03-28T16:00,21.6,35,0.0,2025-04-09 10:23:16
2025-03-28T17:00,20.2,35,0.0,2025-04-09 10:23:16
2025-03-28T18:00,19.5,34,0.0,2025-04-09 10:23:16
2025-03-28T19:00,18.5,36,0.0,2025-04-09 10:23:16
2025-03-28T20:00,17.8,38,0.0,2025-04-09 10:23:16
2025-03-28T21:00,17.1,40,0.0,2025-04-09 10:23:16
2025-03-28T22:00,16.5,41,0.0,2025-04-09 10:23:16
2025-03-28T23:00,15.8,43,0.0,2025-04-09 10:23:16
2025-03-29T00:00,15.6,46,0.0,2025-04-09 10:23:16
2025-03-29T01:00,15.2,49,0.0,2025-04-09 10:23:16
2025-03-29T02:00,15.7,49,0.0,2025-04-09 10:23:16
2025-03-29T03:00,17.5,44,0.0,2025-04-09 10:23:16
2025-03-29T04:00,20.2,37,0.0,2025-04-09 10:23:16
2025-03-29T05:00,23.0,31,0.0,2025-04-09 10:23:16
2025-03-29T06:00,26.0,20,0.0,2025-04-09 10:23:16
2025-03-29T07:00,27.5,18,0.0,2025-04-09 10:23:16
2025-03-29T08:00,28.3,15,0.0,2025-04-09 10:23:16
2025-03-29T09:00,28.5,16,0.0,2025-04-09 10:23:16
2025-03-29T10:00,28.3,16,0.0,2025-04-09 10:23:16
2025-03-29T11:00,27.7,16,0.0,2025-04-09 10:23:16
2025-03-29T12:00,27.3,19,0.0,2025-04-09 10:23:16
2025-03-29T13:00,25.9,24,0.0,2025-04-09 10:23:16
2025-03-29T14:00,24.1,31,0.0,2025-04-09 10:23:16
2025-03-29T15:00,23.0,34,0.0,2025-04-09 10:23:16
2025-03-29T16:00,22.1,36,0.0,2025-04-09 10:23:16
2025-03-29T17:00,21.3,38,0.0,2025-04-09 10:23:16
2025-03-29T18:00,20.3,42,0.0,2025-04-09 10:23:16
2025-03-29T19:00,19.5,44,0.0,2025-04-09 10:23:16
2025-03-29T20:00,18.6,46,0.0,2025-04-09 10:23:16
2025-03-29T21:00,17.9,48,0.0,2025-04-09 10:23:16
2025-03-29T22:00,17.3,49,0.0,2025-04-09 10:23:16
2025-03-29T23:00,16.7,50,0.0,2025-04-09 10:23:16
2025-03-30T00:00,16.0,53,0.0,2025-04-09 10:23:16
2025-03-30T01:00,15.6,55,0.0,2025-04-09 10:23:16
2025-03-30T02:00,16.2,54,0.0,2025-04-09 10:23:16
2025-03-30T03:00,18.4,48,0.0,2025-04-09 10:23:16
2025-03-30T04:00,21.5,41,0.0,2025-04-09 10:23:16
2025-03-30T05:00,24.5,35,0.0,2025-04-09 10:23:16
2025-03-30T06:00,28.1,24,0.0,2025-04-09 10:23:16
2025-03-30T07:00,29.8,20,0.0,2025-04-09 10:23:16
2025-03-30T08:00,31.0,18,0.0,2025-04-09 10:23:16
2025-03-30T09:00,31.8,17,0.0,2025-04-09 10:23:16
2025-03-30T10:00,32.1,16,0.0,2025-04-09 10:23:16
2025-03-30T11:00,31.8,17,0.0,2025-04-09 10:23:16
2025-03-30T12:00,30.7,20,0.0,2025-04-09 10:23:16
2025-03-30T13:00,28.8,24,0.0,2025-04-09 10:23:16
2025-03-30T14:00,26.5,32,0.0,2025-04-09 10:23:16
2025-03-30T15:00,25.1,35,0.0,2025-04-09 10:23:16
2025-03-30T16:00,23.7,38,0.0,2025-04-09 10:23:16
2025-03-30T17:00,22.6,40,0.0,2025-04-09 10:23:16
2025-03-30T18:00,21.2,46,0.0,2025-04-09 10:23:16
2025-03-30T19:00,20.3,47,0.0,2025-04-09 10:23:16
2025-03-30T20:00,19.5,48,0.0,2025-04-09 10:23:16
2025-03-30T21:00,18.8,48,0.0,2025-04-09 10:23:16
2025-03-30T22:00,18.1,50,0.0,2025-04-09 10:23:16
2025-03-30T23:00,17.6,51,0.0,2025-04-09 10:23:16
2025-03-31T00:00,16.9,58,0.0,2025-04-09 10:23:16
2025-03-31T01:00,16.6,58,0.0,2025-04-09 10:23:16
2025-03-31T02:00,17.2,59,0.0,2025-04-09 10:23:16
2025-03-31T03:00,19.7,53,0.0,2025-04-09 10:23:16
2025-03-31T04:00,22.9,46,0.0,2025-04-09 10:23:16
2025-03-31T05:00,25.9,39,0.0,2025-04-09 10:23:16
2025-03-31T06:00,30.0,28,0.0,2025-04-09 10:23:16
2025-03-31T07:00,31.9,23,0.0,2025-04-09 10:23:16
2025-03-31T08:00,33.4,18,0.0,2025-04-09 10:23:16
2025-03-31T09:00,34.1,15,0.0,2025-04-09 10:23:16
2025-03-31T10:00,34.1,14,0.0,2025-04-09 10:23:16
2025-03-31T11:00,33.6,14,0.0,2025-04-09 10:23:16
2025-03-31T12:00,32.3,17,0.0,2025-04-09 10:23:16
2025-03-31T13:00,30.0,24,0.0,2025-04-09 10:23:16
2025-03-31T14:00,27.9,30,0.0,2025-04-09 10:23:16
2025-03-31T15:00,26.2,33,0.0,2025-04-09 10:23:16
2025-03-31T16:00,24.6,36,0.0,2025-04-09 10:23:16
2025-03-31T17:00,23.3,38,0.0,2025-04-09 10:23:16
2025-03-31T18:00,22.6,40,0.0,2025-04-09 10:23:16
2025-03-31T19:00,21.7,42,0.0,2025-04-09 10:23:16
2025-03-31T20:00,20.9,44,0.0,2025-04-09 10:23:16
2025-03-31T21:00,20.1,46,0.0,2025-04-09 10:23:16
2025-03-31T22:00,19.5,48,0.0,2025-04-09 10:23:16
2025-03-31T23:00,18.9,49,0.0,2025-04-09 10:23:16
2025-04-01T00:00,18.6,52,0.0,2025-04-09 10:23:16
2025-04-01T01:00,18.1,53,0.0,2025-04-09 10:23:16
2025-04-01T02:00,18.7,54,0.0,2025-04-09 10:23:16
2025-04-01T03:00,20.9,49,0.0,2025-04-09 10:23:16
2025-04-01T04:00,23.9,42,0.0,2025-04-09 10:23:16
2025-04-01T05:00,26.8,35,0.0,2025-04-09 10:23:16
2025-04-01T06:00,30.6,23,0.0,2025-04-09 10:23:16
2025-04-01T07:00,32.3,16,0.0,2025-04-09 10:23:16
2025-04-01T08:00,33.3,13,0.0,2025-04-09 10:23:16
2025-04-01T09:00,33.6,13,0.0,2025-04-09 10:23:16
2025-04-01T10:00,33.6,13,0.0,2025-04-09 10:23:16
2025-04-01T11:00,33.1,13,0.0,2025-04-09 10:23:16
2025-04-01T12:00,32.0,17,0.0,2025-04-09 10:23:16
2025-04-01T13:00,29.9,23,0.0,2025-04-09 10:23:16
2025-04-01T14:00,28.1,28,0.0,2025-04-09 10:23:16
2025-04-01T15:00,26.7,32,0.0,2025-04-09 10:23:16
2025-04-01T16:00,25.5,34,0.0,2025-04-09 10:23:16
2025-04-01T17:00,24.3,36,0.0,2025-04-09 10:23:16
2025-04-01T18:00,24.1,39,0.0,2025-04-09 10:23:16
2025-04-01T19:00,23.2,40,0.0,2025-04-09 10:23:16
2025-04-01T20:00,22.5,41,0.0,2025-04-09 10:23:16
2025-04-01T21:00,21.7,43,0.0,2025-04-09 10:23:16
2025-04-01T22:00,21.1,45,0.0,2025-04-09 10:23:16
2025-04-01T23:00,20.5,47,0.0,2025-04-09 10:23:16
2025-04-02T00:00,18.8,59,0.0,2025-04-09 10:23:16
2025-04-02T01:00,18.6,59,0.0,2025-04-09 10:23:16
2025-04-02T02:00,19.6,58,0.0,2025-04-09 10:23:16
2025-04-02T03:00,22.4,52,0.0,2025-04-09 10:23:16
2025-04-02T04:00,25.6,45,0.0,2025-04-09 10:23:16
2025-04-02T05:00,28.5,37,0.0,2025-04-09 10:23:16
2025-04-02T06:00,31.3,27,0.0,2025-04-09 10:23:16
2025-04-02T07:00,32.9,23,0.0,2025-04-09 10:23:16
2025-04-02T08:00,34.0,21,0.0,2025-04-09 10:23:16
2025-04-02T09:00,34.6,19,0.0,2025-04-09 10:23:16
2025-04-02T10:00,34.7,18,0.0,2025-04-09 10:23:16
2025-04-02T11:00,34.4,18,0.0,2025-04-09 10:23:16
2025-04-02T12:00,33.7,20,0.0,2025-04-09 10:23:16
2025-04-02T13:00,31.5,28,0.0,2025-04-09 10:23:16
2025-04-02T14:00,29.3,33,0.0,2025-04-09 10:23:16
2025-04-02T15:00,27.7,35,0.0,2025-04-09 10:23:16
2025-04-02T16:00,26.4,36,0.0,2025-04-09 10:23:16
2025-04-02T17:00,25.7,37,0.0,2025-04-09 10:23:16
2025-04-02T18:00,24.8,41,0.0,2025-04-09 10:23:16
2025-04-02T19:00,23.6,44,0.0,2025-04-09 10:23:16
2025-04-02T20:00,22.8,46,0.0,2025-04-09 10:23:16
2025-04-02T21:00,22.3,47,0.0,2025-04-09 10:23:16
2025-04-02T22:00,21.8,48,0.0,2025-04-09 10:23:16
2025-04-02T23:00,21.6,48,0.0,2025-04-09 10:23:16
2025-04-03T00:00,20.4,56,0.0,2025-04-09 10:23:16
2025-04-03T01:00,20.1,56,0.0,2025-04-09 10:23:16
2025-04-03T02:00,21.1,54,0.0,2025-04-09 10:23:16
2025-04-03T03:00,23.4,51,0.0,2025-04-09 10:23:16
2025-04-03T04:00,26.4,47,0.0,2025-04-09 10:23:16
2025-04-03T05:00,29.4,40,0.0,2025-04-09 10:23:16
2025-04-03T06:00,32.6,29,0.0,2025-04-09 10:23:16
2025-04-03T07:00,34.6,22,0.0,2025-04-09 10:23:16
2025-04-03T08:00,35.8,16,0.0,2025-04-09 10:23:16
2025-04-03T09:00,35.8,14,0.0,2025-04-09 10:23:16
2025-04-03T10:00,35.7,14,0.0,2025-04-09 10:23:16
2025-04-03T11:00,35.1,14,0.0,2025-04-09 10:23:16
2025-04-03T12:00,34.6,20,0.0,2025-04-09 10:23:16
2025-04-03T13:00,31.9,30,0.0,2025-04-09 10:23:16
2025-04-03T14:00,29.5,37,0.0,2025-04-09 10:23:16
2025-04-03T15:00,28.7,35,0.0,2025-04-09 10:23:16
2025-04-03T16:00,28.1,33,0.0,2025-04-09 10:23:16
2025-04-03T17:00,27.2,33,0.0,2025-04-09 10:23:16
2025-04-03T18:00,27.1,33,0.0,2025-04-09 10:23:16
2025-04-03T19:00,26.1,34,0.0,2025-04-09 10:23:16
2025-04-03T20:00,25.3,36,0.0,2025-04-09 10:23:16
2025-04-03T21:00,24.9,37,0.0,2025-04-09 10:23:16
2025-04-03T22:00,24.4,37,0.0,2025-04-09 10:23:16
2025-04-03T23:00,23.7,40,0.0,2025-04-09 10:23:16
2025-04-04T00:00,22.1,47,0.0,2025-04-09 10:23:16
2025-04-04T01:00,22.0,47,0.0,2025-04-09 10:23:16
2025-04-04T02:00,22.6,47,0.0,2025-04-09 10:23:16
2025-04-04T03:00,24.4,47,0.0,2025-04-09 10:23:16
2025-04-04T04:00,27.2,43,0.0,2025-04-09 10:23:16
2025-04-04T05:00,29.8,38,0.0,2025-04-09 10:23:16
2025-04-04T06:00,33.2,25,0.0,2025-04-09 10:23:16
2025-04-04T07:00,34.8,19,0.0,2025-04-09 10:23:16
2025-04-04T08:00,35.5,19,0.0,2025-04-09 10:23:16
2025-04-04T09:00,35.9,18,0.0,2025-04-09 10:23:16
2025-04-04T10:00,36.1,16,0.0,2025-04-09 10:23:16
2025-04-04T11:00,35.6,17,0.0,2025-04-09 10:23:16
2025-04-04T12:00,34.3,21,0.0,2025-04-09 10:23:16
2025-04-04T13:00,31.7,28,0.0,2025-04-09 10:23:16
2025-04-04T14:00,29.4,34,0.0,2025-04-09 10:23:16
2025-04-04T15:00,27.8,37,0.0,2025-04-09 10:23:16
2025-04-04T16:00,26.7,40,0.0,2025-04-09 10:23:16
2025-04-04T17:00,25.5,44,0.0,2025-04-09 10:23:16
2025-04-04T18:00,25.3,43,0.0,2025-04-09 10:23:16
2025-04-04T19:00,24.3,46,0.0,2025-04-09 10:23:16
2025-04-04T20:00,23.4,48,0.0,2025-04-09 10:23:16
2025-04-04T21:00,22.6,50,0.0,2025-04-09 10:23:16
2025-04-04T22:00,21.9,52,0.0,2025-04-09 10:23:16
2025-04-04T23:00,21.3,53,0.0,2025-04-09 10:23:16
2025-04-05T00:00,20.9,55,0.0,2025-04-09 10:23:16
2025-04-05T01:00,20.4,58,0.0,2025-04-09 10:23:16
2025-04-05T02:00,21.1,58,0.0,2025-04-09 10:23:16
2025-04-05T03:00,23.3,52,0.0,2025-04-09 10:23:16
2025-04-05T04:00,26.0,46,0.0,2025-04-09 10:23:16
2025-04-05T05:00,28.7,41,0.0,2025-04-09 10:23:16
2025-04-05T06:00,31.3,35,0.0,2025-04-09 10:23:16
2025-04-05T07:00,32.9,29,0.0,2025-04-09 10:23:16
2025-04-05T08:00,34.1,25,0.0,2025-04-09 10:23:16
2025-04-05T09:00,34.7,22,0.0,2025-04-09 10:23:16
2025-04-05T10:00,34.8,21,0.0,2025-04-09 10:23:16
2025-04-05T11:00,34.5,21,0.0,2025-04-09 10:23:16
2025-04-05T12:00,33.6,24,0.0,2025-04-09 10:23:16
2025-04-05T13:00,31.5,31,0.0,2025-04-09 10:23:16
2025-04-05T14:00,29.8,36,0.0,2025-04-09 10:23:16
2025-04-05T15:00,28.3,38,0.0,2025-04-09 10:23:16
2025-04-05T16:00,27.0,41,0.0,2025-04-09 10:23:16
2025-04-05T17:00,26.0,42,0.0,2025-04-09 10:23:16
2025-04-05T18:00,25.8,45,0.0,2025-04-09 10:23:16
2025-04-05T19:00,25.1,46,0.0,2025-04-09 10:23:16
2025-04-05T20:00,24.7,47,0.0,2025-04-09 10:23:16
2025-04-05T21:00,24.5,46,0.0,2025-04-09 10:23:16
2025-04-05T22:00,23.8,48,0.0,2025-04-09 10:23:16
2025-04-05T23:00,23.0,51,0.0,2025-04-09 10:23:16
2025-04-06T00:00,21.8,57,0.0,2025-04-09 10:23:16
2025-04-06T01:00,21.6,59,0.0,2025-04-09 10:23:16
2025-04-06T02:00,22.4,58,0.0,2025-04-09 10:23:16
2025-04-06T03:00,24.4,58,0.0,2025-04-09 10:23:16
2025-04-06T04:00,27.4,50,0.0,2025-04-09 10:23:16
2025-04-06T05:00,30.0,45,0.0,2025-04-09 10:23:16
2025-04-06T06:00,33.0,35,0.0,2025-04-09 10:23:16
2025-04-06T07:00,34.5,29,0.0,2025-04-09 10:23:16
2025-04-06T08:00,35.3,27,0.0,2025-04-09 10:23:16
2025-04-06T09:00,35.9,25,0.0,2025-04-09 10:23:16
2025-04-06T10:00,36.2,24,0.0,2025-04-09 10:23:16
2025-04-06T11:00,36.1,23,0.0,2025-04-09 10:23:16
2025-04-06T12:00,36.1,25,0.0,2025-04-09 10:23:16
2025-04-06T13:00,34.7,31,0.0,2025-04-09 10:23:16
2025-04-06T14:00,33.6,32,0.0,2025-04-09 10:23:16
2025-04-06T15:00,31.5,37,0.0,2025-04-09 10:23:16
2025-04-06T16:00,29.9,40,0.0,2025-04-09 10:23:16
2025-04-06T17:00,29.0,41,0.0,2025-04-09 10:23:16
2025-04-06T18:00,27.0,51,0.0,2025-04-09 10:23:16
2025-04-06T19:00,26.2,52,0.0,2025-04-09 10:23:16
2025-04-06T20:00,25.3,55,0.0,2025-04-09 10:23:16
2025-04-06T21:00,24.6,56,0.0,2025-04-09 10:23:16
2025-04-06T22:00,24.4,57,0.0,2025-04-09 10:23:16
2025-04-06T23:00,24.3,57,0.0,2025-04-09 10:23:16
2025-04-07T00:00,23.2,64,0.0,2025-04-09 10:23:16
2025-04-07T01:00,22.8,66,0.0,2025-04-09 10:23:16
2025-04-07T02:00,24.2,63,0.0,2025-04-09 10:23:16
2025-04-07T03:00,26.5,61,0.0,2025-04-09 10:23:16
2025-04-07T04:00,29.4,52,0.0,2025-04-09 10:23:16
2025-04-07T05:00,32.0,45,0.0,2025-04-09 10:23:16
2025-04-07T06:00,35.1,33,0.0,2025-04-09 10:23:16
2025-04-07T07:00,36.5,28,0.0,2025-04-09 10:23:16
2025-04-07T08:00,37.2,26,0.0,2025-04-09 10:23:16
2025-04-07T09:00,37.4,24,0.0,2025-04-09 10:23:16
2025-04-07T10:00,37.3,25,0.0,2025-04-09 10:23:16
2025-04-07T11:00,37.0,26,0.0,2025-04-09 10:23:16
2025-04-07T12:00,36.8,28,0.0,2025-04-09 10:23:16
2025-04-07T13:00,35.3,35,0.0,2025-04-09 10:23:16
2025-04-07T14:00,34.3,34,0.0,2025-04-09 10:23:16
2025-04-07T15:00,33.2,35,0.0,2025-04-09 10:23:16
2025-04-07T16:00,32.0,39,0.0,2025-04-09 10:23:16
2025-04-07T17:00,31.2,37,0.0,2025-04-09 10:23:16
2025-04-07T18:00,28.4,49,0.0,2025-04-09 10:23:16
2025-04-07T19:00,27.6,54,0.0,2025-04-09 10:23:16
2025-04-07T20:00,26.4,59,0.0,2025-04-09 10:23:16
2025-04-07T21:00,25.6,62,0.0,2025-04-09 10:23:16
2025-04-07T22:00,25.4,60,0.0,2025-04-09 10:23:16
2025-04-07T23:00,23.9,66,0.0,2025-04-09 10:23:16
2025-04-08T00:00,24.1,62,0.0,2025-04-09 10:23:16
2025-04-08T01:00,23.7,63,0.0,2025-04-09 10:23:16
2025-04-08T02:00,24.5,61,0.0,2025-04-09 10:23:16
2025-04-08T03:00,27.2,54,0.0,2025-04-09 10:23:16
2025-04-08T04:00,30.0,46,0.0,2025-04-09 10:23:16
2025-04-08T05:00,32.6,39,0.0,2025-04-09 10:23:16
2025-04-08T06:00,34.3,36,0.0,2025-04-09 10:23:16
2025-04-08T07:00,35.9,32,0.0,2025-04-09 10:23:16
2025-04-08T08:00,36.9,28,0.0,2025-04-09 10:23:16
2025-04-08T09:00,37.4,26,0.0,2025-04-09 10:23:16
2025-04-08T10:00,37.4,26,0.0,2025-04-09 10:23:16
2025-04-08T11:00,37.1,26,0.0,2025-04-09 10:23:16
2025-04-08T12:00,36.9,31,0.0,2025-04-09 10:23:16
2025-04-08T13:00,34.9,40,0.0,2025-04-09 10:23:16
2025-04-08T14:00,33.3,44,0.0,2025-04-09 10:23:16
2025-04-08T15:00,31.6,49,0.0,2025-04-09 10:23:16
2025-04-08T16:00,30.1,55,0.0,2025-04-09 10:23:16
2025-04-08T17:00,29.0,59,0.0,2025-04-09 10:23:16
2025-04-08T18:00,28.7,61,0.0,2025-04-09 10:23:16
2025-04-08T19:00,28.0,62,0.0,2025-04-09 10:23:16
2025-04-08T20:00,27.0,64,0.0,2025-04-09 10:23:16
2025-04-08T21:00,26.2,67,0.0,2025-04-09 10:23:16
2025-04-08T22:00,25.6,70,0.0,2025-04-09 10:23:16
2025-04-08T23:00,25.0,73,0.0,2025-04-09 10:23:16
2025-04-09T00:00,25.0,74,0.0,2025-04-09 10:23:16
2025-04-09T01:00,24.7,75,0.0,2025-04-09 10:23:16
2025-04-09T02:00,25.6,73,0.0,2025-04-09 10:23:16
2025-04-09T03:00,27.8,65,0.0,2025-04-09 10:23:16
2025-04-09T04:00,30.4,55,0.0,2025-04-09 10:23:16
2025-04-09T05:00,32.8,48,0.0,2025-04-09 10:23:16
2025-04-09T06:00,34.9,42,0.0,2025-04-09 10:23:16
2025-04-09T07:00,36.8,37,0.0,2025-04-09 10:23:16
2025-04-09T08:00,37.9,32,0.0,2025-04-09 10:23:16
2025-04-09T09:00,38.6,29,0.0,2025-04-09 10:23:16
2025-04-09T10:00,36.6,33,0.5,2025-04-09 10:23:16
2025-04-09T11:00,36.2,33,0.2,2025-04-09 10:23:16
2025-04-09T12:00,35.6,34,0.0,2025-04-09 10:23:16
2025-04-09T13:00,33.2,44,0.0,2025-04-09 10:23:16
2025-04-09T14:00,30.8,54,0.0,2025-04-09 10:23:16
2025-04-09T15:00,29.3,60,0.0,2025-04-09 10:23:16
2025-04-09T16:00,27.4,63,0.0,2025-04-09 10:23:16
2025-04-09T17:00,26.6,66,0.0,2025-04-09 10:23:16
2025-04-09T18:00,26.1,70,0.0,2025-04-09 10:23:16
2025-04-09T19:00,25.6,72,0.0,2025-04-09 10:23:16
2025-04-09T20:00,25.2,74,0.0,2025-04-09 10:23:16
2025-04-09T21:00,24.7,76,0.0,2025-04-09 10:23:16
2025-04-09T22:00,24.3,78,0.0,2025-04-09 10:23:16
2025-04-09T23:00,23.6,84,0.0,2025-04-09 10:23:16
2025-04-10T00:00,23.1,86,0.0,2025-04-09 10:23:16
2025-04-10T01:00,22.8,88,0.0,2025-04-09 10:23:16
2025-04-10T02:00,23.7,84,0.0,2025-04-09 10:23:16
2025-04-10T03:00,25.6,76,0.0,2025-04-09 10:23:16
2025-04-10T04:00,27.8,68,0.0,2025-04-09 10:23:16
2025-04-10T05:00,29.7,62,0.0,2025-04-09 10:23:16
2025-04-10T06:00,31.7,55,0.0,2025-04-09 10:23:16
2025-04-10T07:00,33.1,51,0.0,2025-04-09 10:23:16
2025-04-10T08:00,34.1,47,0.0,2025-04-09 10:23:16
2025-04-10T09:00,30.2,55,1.3,2025-04-09 10:23:16
2025-04-10T10:00,28.9,61,0.0,2025-04-09 10:23:16
2025-04-10T11:00,27.9,66,0.0,2025-04-09 10:23:16
2025-04-10T12:00,27.9,67,0.0,2025-04-09 10:23:16
2025-04-10T13:00,27.5,70,0.0,2025-04-09 10:23:16
2025-04-10T14:00,26.5,76,0.0,2025-04-09 10:23:16
2025-04-10T15:00,25.5,81,0.0,2025-04-09 10:23:16
2025-04-10T16:00,24.7,85,0.0,2025-04-09 10:23:16
2025-04-10T17:00,24.2,87,0.0,2025-04-09 10:23:16
2025-04-10T18:00,24.0,89,0.0,2025-04-09 10:23:16
2025-04-10T19:00,23.7,91,0.0,2025-04-09 10:23:16
2025-04-10T20:00,23.4,92,0.0,2025-04-09 10:23:16
2025-04-10T21:00,23.0,93,0.0,2025-04-09 10:23:16
2025-04-10T22:00,22.7,93,0.0,2025-04-09 10:23:16
2025-04-10T23:00,22.4,93,0.0,2025-04-09 10:23:16
2025-04-11T00:00,22.1,94,0.0,2025-04-09 10:23:16
2025-04-11T01:00,21.9,95,0.0,2025-04-09 10:23:16
2025-04-11T02:00,22.6,92,0.0,2025-04-09 10:23:16
2025-04-11T03:00,24.4,83,0.0,2025-04-09 10:23:16
2025-04-11T04:00,26.1,76,0.0,2025-04-09 10:23:16
2025-04-11T05:00,28.1,69,0.0,2025-04-09 10:23:16
2025-04-11T06:00,30.0,62,0.0,2025-04-09 10:23:16
2025-04-11T07:00,31.6,56,0.0,2025-04-09 10:23:16
2025-04-11T08:00,32.4,52,0.0,2025-04-09 10:23:16
2025-04-11T09:00,32.7,51,0.4,2025-04-09 10:23:16
2025-04-11T10:00,25.6,78,6.9,2025-04-09 10:23:16
2025-04-11T11:00,25.1,73,1.7,2025-04-09 10:23:16
2025-04-11T12:00,25.4,73,0.0,2025-04-09 10:23:16
2025-04-11T13:00,25.1,73,0.0,2025-04-09 10:23:16
2025-04-11T14:00,24.7,75,0.0,2025-04-09 10:23:16
2025-04-11T15:00,24.1,78,0.0,2025-04-09 10:23:16
2025-04-11T16:00,23.6,81,0.0,2025-04-09 10:23:16
2025-04-11T17:00,23.1,84,0.0,2025-04-09 10:23:16
2025-04-11T18:00,22.7,86,0.0,2025-04-09 10:23:16
2025-04-11T19:00,22.3,87,0.0,2025-04-09 10:23:16
2025-04-11T20:00,21.8,89,0.0,2025-04-09 10:23:16
2025-04-11T21:00,21.2,91,0.0,2025-04-09 10:23:16
2025-04-11T22:00,20.9,92,0.0,2025-04-09 10:23:16
2025-04-11T23:00,20.6,93,0.0,2025-04-09 10:23:16
2025-04-12T00:00,20.4,92,0.0,2025-04-09 10:23:16
2025-04-12T01:00,20.4,91,0.0,2025-04-09 10:23:16
2025-04-12T02:00,21.5,85,0.0,2025-04-09 10:23:16
2025-04-12T03:00,23.8,74,0.0,2025-04-09 10:23:16
2025-04-12T04:00,26.3,65,0.0,2025-04-09 10:23:16
2025-04-12T05:00,28.4,59,0.0,2025-04-09 10:23:16
2025-04-12T06:00,30.5,54,0.0,2025-04-09 10:23:16
2025-04-12T07:00,32.4,48,0.0,2025-04-09 10:23:16
2025-04-12T08:00,34.0,42,0.0,2025-04-09 10:23:16
2025-04-12T09:00,34.4,40,0.0,2025-04-09 10:23:16
2025-04-12T10:00,32.9,45,1.3,2025-04-09 10:23:16
2025-04-12T11:00,30.1,54,1.3,2025-04-09 10:23:16
2025-04-12T12:00,27.9,62,1.3,2025-04-09 10:23:16
2025-04-12T13:00,27.0,67,0.0,2025-04-09 10:23:16
2025-04-12T14:00,26.6,70,0.0,2025-04-09 10:23:16
2025-04-12T15:00,26.2,73,0.0,2025-04-09 10:23:16
2025-04-12T16:00,25.6,75,0.0,2025-04-09 10:23:16
2025-04-12T17:00,25.0,77,0.0,2025-04-09 10:23:16
2025-04-12T18:00,24.6,77,0.0,2025-04-09 10:23:16
2025-04-12T19:00,24.6,75,0.0,2025-04-09 10:23:16
2025-04-12T20:00,24.7,73,0.0,2025-04-09 10:23:16
2025-04-12T21:00,24.6,72,0.0,2025-04-09 10:23:16
2025-04-12T22:00,23.8,75,0.0,2025-04-09 10:23:16
2025-04-12T23:00,22.7,81,0.0,2025-04-09 10:23:16
2025-04-13T00:00,22.3,83,0.0,2025-04-09 10:23:16
2025-04-13T01:00,23.0,80,0.0,2025-04-09 10:23:16
2025-04-13T02:00,24.3,74,0.0,2025-04-09 10:23:16
2025-04-13T03:00,26.0,67,0.0,2025-04-09 10:23:16
2025-04-13T04:00,28.2,59,0.0,2025-04-09 10:23:16
2025-04-13T05:00,30.7,50,0.0,2025-04-09 10:23:16
2025-04-13T06:00,32.8,43,0.0,2025-04-09 10:23:16
2025-04-13T07:00,34.0,38,0.0,2025-04-09 10:23:16
2025-04-13T08:00,34.7,34,0.0,2025-04-09 10:23:16
2025-04-13T09:00,35.1,32,0.0,2025-04-09 10:23:16
2025-04-13T10:00,35.3,30,0.0,2025-04-09 10:23:16
2025-04-13T11:00,35.1,30,0.0,2025-04-09 10:23:16
2025-04-13T12:00,34.5,31,0.0,2025-04-09 10:23:16
2025-04-13T13:00,33.1,36,0.0,2025-04-09 10:23:16
2025-04-13T14:00,31.1,44,0.0,2025-04-09 10:23:16
2025-04-13T15:00,29.5,49,0.0,2025-04-09 10:23:16
2025-04-13T16:00,28.8,51,0.0,2025-04-09 10:23:16
2025-04-13T17:00,28.4,50,0.0,2025-04-09 10:23:16
2025-04-13T18:00,28.0,50,0.0,2025-04-09 10:23:16
2025-04-13T19:00,27.5,51,0.0,2025-04-09 10:23:16
2025-04-13T20:00,27.1,52,0.0,2025-04-09 10:23:16
2025-04-13T21:00,26.6,53,0.0,2025-04-09 10:23:16
2025-04-13T22:00,25.9,55,0.0,2025-04-09 10:23:16
2025-04-13T23:00,25.2,57,0.0,2025-04-09 10:23:16
2025-04-14T00:00,25.0,58,0.0,2025-04-09 10:23:16
2025-04-14T01:00,25.4,58,0.0,2025-04-09 10:23:16
2025-04-14T02:00,26.2,58,0.0,2025-04-09 10:23:16
2025-04-14T03:00,27.5,55,0.0,2025-04-09 10:23:16
2025-04-14T04:00,29.9,49,0.0,2025-04-09 10:23:16
2025-04-14T05:00,32.8,40,0.0,2025-04-09 10:23:16
2025-04-14T06:00,35.1,34,0.0,2025-04-09 10:23:16
2025-04-14T07:00,36.3,31,0.0,2025-04-09 10:23:16
2025-04-14T08:00,36.9,30,0.0,2025-04-09 10:23:16
2025-04-14T09:00,37.2,29,0.0,2025-04-09 10:23:16
2025-04-14T10:00,37.3,29,0.0,2025-04-09 10:23:16
2025-04-14T11:00,37.2,29,0.0,2025-04-09 10:23:16
2025-04-14T12:00,36.6,31,0.0,2025-04-09 10:23:16
2025-04-14T13:00,35.5,35,0.0,2025-04-09 10:23:16
2025-04-14T14:00,34.0,41,0.0,2025-04-09 10:23:16
2025-04-14T15:00,32.6,46,0.0,2025-04-09 10:23:16
2025-04-14T16:00,31.3,50,0.0,2025-04-09 10:23:16
2025-04-14T17:00,30.0,54,0.0,2025-04-09 10:23:16
2025-04-14T18:00,28.8,58,0.0,2025-04-09 10:23:16
2025-04-14T19:00,27.9,61,0.0,2025-04-09 10:23:16
2025-04-14T20:00,27.1,63,0.0,2025-04-09 10:23:16
2025-04-14T21:00,26.4,65,0.0,2025-04-09 10:23:16
2025-04-14T22:00,25.7,67,0.0,2025-04-09 10:23:16
2025-04-14T23:00,25.2,68,0.0,2025-04-09 10:23:16
2025-04-15T00:00,25.1,68,0.0,2025-04-09 10:23:16
2025-04-15T01:00,25.5,66,0.0,2025-04-09 10:23:16
2025-04-15T02:00,26.4,63,0.0,2025-04-09 10:23:16
2025-04-15T03:00,27.9,59,0.0,2025-04-09 10:23:16
2025-04-15T04:00,30.2,52,0.0,2025-04-09 10:23:16
2025-04-15T05:00,33.0,44,0.0,2025-04-09 10:23:16
2025-04-15T06:00,35.3,38,0.0,2025-04-09 10:23:16
2025-04-15T07:00,36.8,34,0.0,2025-04-09 10:23:16
2025-04-15T08:00,37.8,32,0.0,2025-04-09 10:23:16
2025-04-15T09:00,38.4,30,0.0,2025-04-09 10:23:16
2025-04-15T10:00,38.6,29,0.0,2025-04-09 10:23:16
2025-04-15T11:00,38.4,29,0.0,2025-04-09 10:23:16
2025-04-15T12:00,37.6,31,0.0,2025-04-09 10:23:16
2025-04-15T13:00,35.9,37,0.0,2025-04-09 10:23:16
2025-04-15T14:00,33.6,44,0.0,2025-04-09 10:23:16
2025-04-15T15:00,31.6,51,0.0,2025-04-09 10:23:16
2025-04-15T16:00,30.3,56,0.0,2025-04-09 10:23:16
2025-04-15T17:00,29.3,60,0.0,2025-04-09 10:23:16
2025-04-15T18:00,28.5,63,0.0,2025-04-09 10:23:16
2025-04-15T19:00,27.8,65,0.0,2025-04-09 10:23:16
2025-04-15T20:00,27.4,66,0.0,2025-04-09 10:23:16
2025-04-15T21:00,27.0,67,0.0,2025-04-09 10:23:16
2025-04-15T22:00,26.4,69,0.0,2025-04-09 10:23:16
2025-04-15T23:00,25.8,70,0.0,2025-04-09 10:23:16
